,App,Category,Rating,Reviews,Size,Installs,Free,Price_dollars,Content Rating,Genres,Last Updated,Current Ver,Android Ver
10008,ABC15 Arizona,NEWS_AND_MAGAZINES,3.6,1820,Varies with device,"100,000+",False,0.0,Everyone,News & Magazines,2018-07-05,Varies with device,Varies with device
10009,NATIVE ENTERTAINMENT MAGAZINE - ISSUE # 1,NEWS_AND_MAGAZINES,,0,62M,10+,False,0.0,Mature 17+,News & Magazines,2017-12-16,1,4.1 and up
10010,Mobile Strike,FAMILY,3.9,903392,Varies with device,"50,000,000+",False,0.0,Everyone 10+,Strategy,2018-06-14,3.30.4.207,4.1 and up
10011,European War 5:Empire,FAMILY,3.8,9513,82M,"100,000+",False,0.0,Everyone 10+,Strategy,2018-06-08,1.2.6,4.0.3 and up
10012,KMTV 3 News Now,NEWS_AND_MAGAZINES,3.8,265,Varies with device,"10,000+",False,0.0,Everyone 10+,News & Magazines,2018-07-05,Varies with device,Varies with device
10013,Rescue Robots Survival Games,GAME,4.0,27557,69M,"5,000,000+",False,0.0,Teen,Action,2018-07-06,F2i,4.1 and up
10014,Raytheon F-16 EW 360 VR,FAMILY,4.5,6,22M,500+,False,0.0,Everyone,Entertainment,2017-06-09,1.0.01,4.4 and up
10015,Pregnant Emergency Surgery,FAMILY,3.8,127229,34M,"10,000,000+",False,0.0,Everyone,Casual,2017-09-07,1.1.14,4.0 and up
10016,Eddsworld Amino,SOCIAL,4.9,3071,63M,"10,000+",False,0.0,Teen,Social,2018-07-13,1.8.19106,4.0.3 and up
10017,TMJ4.com - WTMJ-TV Milwaukee,NEWS_AND_MAGAZINES,3.8,728,Varies with device,"50,000+",False,0.0,Everyone 10+,News & Magazines,2018-07-05,Varies with device,Varies with device
10018,Food Network,FAMILY,4.1,7823,Varies with device,"500,000+",False,0.0,Teen,Entertainment,2018-07-27,Varies with device,Varies with device
10019,Storm Shield,WEATHER,3.5,2000,14M,"100,000+",False,0.0,Everyone,Weather,2018-07-31,4.1.12,5.0 and up
10020,EdiRange,TOOLS,3.0,736,1.8M,"100,000+",False,0.0,Everyone,Tools,2017-07-05,1.11,4.0.3 and up
10021,TRANSFORMERS: Earth Wars,FAMILY,4.5,256219,95M,"10,000,000+",False,0.0,Everyone,Strategy,2018-07-31,1.64.0.21247,4.2 and up
10022,Beard Live Camera Photo Editor,BEAUTY,4.7,900,30M,"5,000+",False,0.0,Everyone,Beauty,2018-03-25,1.1,4.0.3 and up
10023,WPTV 5 West Palm Beach,NEWS_AND_MAGAZINES,3.8,1093,Varies with device,"100,000+",False,0.0,Everyone 10+,News & Magazines,2018-07-05,Varies with device,Varies with device
10024,No Pimple - Fun games,FAMILY,3.3,24091,16M,"5,000,000+",False,0.0,Teen,Casual,2016-08-04,1.1.0,2.3 and up
10025,WKBW 7 Eyewitness News,NEWS_AND_MAGAZINES,4.0,509,Varies with device,"50,000+",False,0.0,Everyone,News & Magazines,2018-07-05,Varies with device,Varies with device
10026,Web Browser for Android,COMMUNICATION,4.1,55110,4.3M,"1,000,000+",False,0.0,Everyone,Communication,2018-06-20,2.2,4.0 and up
10027,OMG Gross Zit - Date Nightmare,FAMILY,3.7,70105,67M,"10,000,000+",False,0.0,Everyone,Casual,2018-06-06,1.0.3,4.1 and up
10028,Garden Fever - Free!,FAMILY,3.9,13253,12M,"1,000,000+",False,0.0,Everyone,Puzzle,2016-08-09,2.1.080,2.3 and up
10029,GO SMS PRO EMOJI PLUGIN,PERSONALIZATION,3.5,84779,8.5M,"5,000,000+",False,0.0,Everyone,Personalization,2018-06-04,2.4,4.0 and up
10030,Bike Race - Bike Blast Rush,GAME,4.4,83891,48M,"10,000,000+",False,0.0,Everyone,Action,2018-07-19,3.1,4.0 and up
10031,Subway Simulator 3D,FAMILY,4.0,25489,62M,"1,000,000+",False,0.0,Everyone,Simulation,2018-08-06,2.9.0,4.1 and up
10032,XCOM: TBG,FAMILY,4.0,2294,95M,"100,000+",False,0.0,Everyone,Entertainment,2017-01-09,1.2.1,2.3 and up
10033,ETERNITY WARRIORS 2,GAME,4.6,568391,5.2M,"5,000,000+",False,0.0,Teen,Action,2014-07-01,4.3.1,2.1 and up
10034,XE Currency,TRAVEL_AND_LOCAL,4.4,77585,Varies with device,"10,000,000+",False,0.0,Everyone,Travel & Local,2018-07-31,Varies with device,Varies with device
10035,Deus Ex GO,FAMILY,4.5,9699,23M,"100,000+",False,1.0,Teen,Puzzle,2018-07-23,2.1.111374,4.2 and up
10036,ADWLauncher 1 EX,PERSONALIZATION,4.3,28728,2.8M,"500,000+",False,2.5,Everyone,Personalization,2013-07-27,1.3.3.9,1.6 and up
10037,XE Currency Pro,TRAVEL_AND_LOCAL,4.4,1090,Varies with device,"10,000+",False,2.0,Everyone,Travel & Local,2018-05-29,Varies with device,Varies with device
10038,GO Launcher EX UI5.0 theme,PERSONALIZATION,4.3,111634,13M,"5,000,000+",False,0.0,Everyone,Personalization,2014-05-26,2.08,2.0 and up
10039,Device Info Ex Live Wallpaper,PERSONALIZATION,4.1,2645,1.1M,"50,000+",False,1.0,Everyone,Personalization,2015-12-20,11.0.0,2.1 and up
10040,GO Weather EX Theme White,WEATHER,4.2,8723,4.6M,"500,000+",False,0.0,Everyone,Weather,2014-08-27,1.0,2.2 and up
10041,Advanced EX for HYUNDAI,TOOLS,2.7,168,170k,"5,000+",False,5.0,Everyone,Tools,2015-03-14,1.10,1.6 and up
10042,MIUI Style GO Weather EX,WEATHER,4.2,2115,1.1M,"500,000+",False,0.0,Everyone,Weather,2014-07-04,1.3,1.6 and up
10043,Remote EX for NISSAN,COMMUNICATION,2.3,223,1.0M,"5,000+",False,1.5,Everyone,Communication,2014-07-26,1.3,3.0 and up
10044,Ex Explorer : Dual view exproler / file manager,TOOLS,3.9,361,Varies with device,"50,000+",False,0.0,Everyone,Tools,2018-07-12,Varies with device,Varies with device
10045,Get Over Your Ex,DATING,4.1,10,11M,"5,000+",False,0.0,Everyone,Dating,2017-04-12,1.1,4.0.3 and up
10046,Advanced EX for MITSUBISHI,TOOLS,2.9,33,141k,"1,000+",False,5.0,Everyone,Tools,2015-08-21,1.1,1.6 and up
10047,Advanced EX for KIA,TOOLS,3.3,257,160k,"5,000+",False,5.0,Everyone,Tools,2015-03-14,1.4,1.6 and up
10048,Money Manager Ex for Android,FINANCE,4.2,2695,Varies with device,"100,000+",False,0.0,Everyone,Finance,2018-02-26,Varies with device,Varies with device
10049,Airway Ex - Intubate. Anesthetize. Train.,MEDICAL,4.3,123,86M,"10,000+",False,0.0,Everyone,Medical,2018-06-01,0.6.88,5.0 and up
10050,Advanced EX for NISSAN,TOOLS,2.9,164,144k,"5,000+",False,5.0,Everyone,Tools,2015-03-14,1.3,1.6 and up
10051,Advanced EX for FIAT,TOOLS,3.5,138,141k,"5,000+",False,5.0,Everyone,Tools,2015-03-05,1.6,1.6 and up
10052,Advanced EX for RENAULT,TOOLS,2.8,130,143k,"5,000+",False,5.0,Everyone,Tools,2015-03-14,1.1,1.6 and up
10053,EX File Explorer File Manage Pro,PRODUCTIVITY,,1,6.3M,50+,False,2.0,Everyone,Productivity,2017-08-06,1.0,4.0 and up
10054,Aurum Blade EX,FAMILY,4.3,28151,17M,"1,000,000+",False,0.0,Everyone 10+,Role Playing,2015-06-04,1.0.2,2.2 and up
10055,SCI-Ex,HEALTH_AND_FITNESS,3.5,8,7.9M,"1,000+",False,0.0,Everyone,Health & Fitness,2018-06-28,1.0060.b0060,5.0 and up
10056,Papyrus Ex,TOOLS,4.6,1092,190k,"100,000+",False,0.0,Everyone,Tools,2012-06-27,2.3.3,2.1 and up
10057,GLASS GO Launcher EX Theme,PERSONALIZATION,4.2,18280,6.0M,"1,000,000+",False,0.0,Everyone,Personalization,2015-01-08,1.28,1.6 and up
10058,Moonlight GO Weather EX,WEATHER,4.2,11510,3.5M,"1,000,000+",False,0.0,Everyone,Weather,2014-08-28,1.4,2.2 and up
10059,My Ex Girlfriend Comes Back,FAMILY,3.7,3258,26M,"500,000+",False,0.0,Everyone,Casual,2016-03-04,1.0.0,2.3 and up
10060,An Elite Warrior Ex,GAME,4.7,15,93M,100+,False,1.0,Everyone,Adventure,2016-11-21,1.59,4.0.3 and up
10061,Gods Wars Ex : Vampire,FAMILY,3.9,1550,21M,"100,000+",False,0.0,Teen,Role Playing,2017-10-28,1.0.6,3.0 and up
10062,BakaReader EX,BOOKS_AND_REFERENCE,4.3,8894,2.3M,"100,000+",False,0.0,Everyone,Books & Reference,2018-07-23,1.1.51,4.0 and up
10063,Snes9x EX+,GAME,4.4,70351,Varies with device,"5,000,000+",False,0.0,Everyone,Arcade,2018-03-03,Varies with device,Varies with device
10064,X your Ex - Break Up Treatment,HEALTH_AND_FITNESS,4.0,32,64M,"5,000+",False,0.0,Everyone,Health & Fitness,2017-05-20,3.9,4.1 and up
10065,Ex Quotes,LIFESTYLE,4.4,129,8.1M,"50,000+",False,0.0,Everyone 10+,Lifestyle,2018-06-16,3.0.1,4.1 and up
10066,GO Contacts EX Black & Grey,PERSONALIZATION,3.7,21,376k,500+,False,1.0,Everyone,Personalization,2013-09-24,1.0,1.6 and up
10067,CYANOGEN GO Launcher EX Theme,PERSONALIZATION,4.3,60298,13M,"5,000,000+",False,0.0,Everyone,Personalization,2015-01-08,1.38,1.6 and up
10068,Ex Service Taxis,BUSINESS,3.5,15,8.0M,"1,000+",False,0.0,Everyone,Business,2015-10-21,20.7.9.2,2.3 and up
10069,Rejoin Your Ex,SOCIAL,,0,29M,100+,False,0.0,Everyone,Social,2015-05-26,2.0,2.3.3 and up
10070,S.O.L : Stone of Life EX,FAMILY,4.3,171220,42M,"5,000,000+",False,0.0,Everyone 10+,Role Playing,2015-07-28,1.2.6,2.3.3 and up
10071,How To Get Your Ex Back Fast,LIFESTYLE,4.0,22,19M,"5,000+",False,0.0,Everyone,Lifestyle,2018-02-07,15.0,4.0.3 and up
10072,ExDialer PRO Key,COMMUNICATION,4.5,5474,17k,"100,000+",False,4.0,Everyone,Communication,2014-01-15,81,2.1 and up
10073,Volume Control Ex,TOOLS,4.2,5,2.5M,100+,False,1.5,Everyone,Tools,2018-07-30,1.6.2,4.0 and up
10074,Virtual Dice EX,GAME,4.3,40,3.6M,"5,000+",False,0.0,Everyone,Board,2016-03-15,2.8,3.0 and up
10075,Black Theme Go Launcher EX,PERSONALIZATION,4.1,285,3.9M,"50,000+",False,0.0,Teen,Personalization,2017-10-03,5.0,2.3 and up
10076,EY Events,BUSINESS,2.5,31,54M,"10,000+",False,0.0,Everyone,Business,2018-04-04,2.6,4.1 and up
10077,EY GlobalOne,BUSINESS,2.7,11,6.8M,"1,000+",False,0.0,Everyone,Business,2017-11-27,3.1.0,2.2 and up
10078,EY Team Connect,PRODUCTIVITY,,0,38M,50+,False,0.0,Everyone,Productivity,2018-06-08,1.20180531.3,5.0 and up
10079,EY eMentor,FAMILY,,5,44M,500+,False,0.0,Everyone,Education,2016-11-03,1.0.0,4.4 and up
10080,EY Conferences,BUSINESS,,1,30M,"1,000+",False,0.0,Everyone,Business,2018-05-16,5.28,5.0 and up
10081,EY Africa,BUSINESS,,0,8.4M,100+,False,0.0,Everyone,Business,2018-04-09,1.42.180409,4.2 and up
10082,EY TaxChat,FINANCE,1.2,44,27M,"1,000+",False,0.0,Everyone,Finance,2018-04-09,3.24.0,6.0 and up
10083,EY Expenses,FINANCE,,0,10M,"1,000+",False,0.0,Everyone,Finance,2018-07-09,1.1,4.1 and up
10084,EY Tax Briefing,BUSINESS,,3,15M,100+,False,0.0,Everyone,Business,2018-03-21,1.0,4.1 and up
10085,EY Digital Direct,BUSINESS,,0,27M,5+,False,0.0,Everyone,Business,2018-08-03,2.0,6.0 and up
10086,EY India Tax Insights,BUSINESS,4.7,87,5.1M,"10,000+",False,0.0,Everyone,Business,2017-07-15,0.0.1,4.1 and up
10087,EY Forensics,FINANCE,4.9,7,3.4M,"1,000+",False,0.0,Everyone,Finance,2016-06-17,1.0.1,4.0.3 and up
10088,EY India CFO Insights,BUSINESS,4.7,37,10M,"5,000+",False,0.0,Everyone,Business,2018-06-29,1.5,4.1 and up
10089,EY Digital Tax AR,BUSINESS,,2,19M,100+,False,0.0,Everyone,Business,2017-09-29,1.6,4.0 and up
10090,EY Divest,BUSINESS,,0,54M,5+,False,0.0,Everyone,Business,2017-07-11,1.0.0,4.0 and up
10091,EY ATL Fuel Calculator,PRODUCTIVITY,4.4,15,3.1M,500+,False,0.0,Everyone,Productivity,2018-07-21,12,2.1 and up
10092,Fuel Calculator for EY,TOOLS,4.7,32,2.7M,"1,000+",False,0.0,Everyone,Tools,2018-06-15,1.11,2.1 and up
10093,EY Digi India Personal Tax,BUSINESS,4.0,2,1.7M,100+,False,0.0,Everyone,Business,2018-05-24,5.0,4.0.3 and up
10094,EY Catalyst Reader,BUSINESS,,1,8.4M,5+,False,0.0,Everyone,Business,2018-04-10,1.2.1,5.0 - 7.1.1
10095,Pink Guy - Ey B0ss,FAMILY,4.7,13,1.2M,500+,False,0.0,Everyone,Entertainment,2016-05-04,1.0,4.0.3 and up
10096,EY Staff ENTERTAINER,LIFESTYLE,4.3,218,19M,"10,000+",False,0.0,Everyone,Lifestyle,2017-01-16,1.0.3,2.3 and up
10097,EY EMEIA Diversity & Inclusion,BUSINESS,,4,12M,500+,False,0.0,Everyone,Business,2016-11-25,1.0.0,4.4 and up
10098,Ey Sey Storytime រឿងនិទានតាឥសី,FAMILY,4.7,1327,44M,"10,000+",False,0.0,Everyone,Education;Education,2017-05-18,1.2.2,4.0.3 and up
10099,EY Football,SPORTS,,0,26M,10+,False,0.0,Everyone,Sports,2017-08-14,1.0,4.1 and up
10100,Eyes - The Scary Horror Game Adventure,GAME,4.4,499483,99M,"10,000,000+",False,0.0,Teen,Adventure,2018-08-02,5.6.14,4.1 and up
10101,Amleen Ey,SOCIAL,,0,19M,1+,False,0.0,Everyone,Social,2017-07-24,1.0,4.1 and up
10102,EY Events Switzerland,PRODUCTIVITY,,1,18M,500+,False,0.0,Teen,Productivity,2018-06-29,7.17.2.3,5.0 and up
10103,EY TaxLaw NL,BUSINESS,,9,3.3M,100+,False,0.0,Everyone,Business,2018-07-03,3.0.1,4.1 and up
10104,EY-Parthenon,BUSINESS,,1,30M,5+,False,0.0,Everyone,Business,2018-06-25,5.30.01,5.1 and up
10105,EY Belgium Inhouse Day 2018,EVENTS,,0,24M,10+,False,0.0,Everyone,Events,2018-05-14,18.4.8.0,4.1 and up
10106,Tenh Ey,SHOPPING,,0,4.5M,10+,False,0.0,Everyone,Shopping,2017-03-31,1.0.1,4.4 and up
10107,EY Oil & Gas,BUSINESS,4.6,20,15M,"1,000+",False,0.0,Everyone,Business,2017-10-12,1.4.36,4.0.3 and up
10108,Coupe Adhémar EY 2017,SOCIAL,,6,10M,50+,False,0.0,Teen,Social,2016-12-26,1.3,4.1 and up
10109,哈哈姆特不EY,COMMUNICATION,,239,18M,"10,000+",False,0.0,Everyone,Communication,2018-07-31,1.3.4,4.4 and up
10110,Adhenarcos - Coupe Adhemar EY 2018,FAMILY,,0,13M,100+,False,0.0,Teen,Entertainment,2018-01-10,1.0,4.1 and up
10111,Third Eye,TOOLS,4.4,19877,4.5M,"1,000,000+",False,0.0,Everyone,Tools,2018-01-07,1.1.6,4.0 and up
10112,Sudoku Master,GAME,4.4,58387,3.3M,"1,000,000+",False,0.0,Everyone,Word,2013-12-13,1.1.2,2.1 and up
10113,Jungle Monkey Run,GAME,4.4,54082,21M,"10,000,000+",False,0.0,Everyone,Adventure,2018-07-11,1.6.8,4.0.3 and up
10114,Hey That's Pretty Good!,TOOLS,4.6,222,10M,"10,000+",False,0.0,Everyone,Tools,2016-07-29,4.2.0,2.3 and up
10115,Everbridge,COMMUNICATION,3.1,497,36M,"100,000+",False,0.0,Everyone,Communication,2018-07-17,8.6.2,4.4 and up
10116,I am Dentist - Save my Teeth,FAMILY,4.3,7443,33M,"100,000+",False,0.0,Everyone,Casual,2016-09-29,1.0.11,3.0 and up
10117,Best Auto Call Recorder Free,COMMUNICATION,3.7,7,4.3M,500+,False,0.0,Everyone,Communication,2017-10-02,2.1,4.1 and up
10118,FilterGrid - Cam&Photo Editor,PHOTOGRAPHY,4.6,126338,9.6M,"1,000,000+",False,0.0,Everyone,Photography,2017-03-15,2.0.5,4.0 and up
10119,EyPools,HOUSE_AND_HOME,,2,656k,100+,False,0.0,Everyone,House & Home,2017-11-24,1.3,4.0 and up
10120,Etihad Airways,TRAVEL_AND_LOCAL,4.1,3674,61M,"500,000+",False,0.0,Everyone,Travel & Local,2018-07-09,1.8.1 (41),5.0 and up
10121,Beach Volleyball 3D,SPORTS,4.2,43191,14M,"5,000,000+",False,0.0,Everyone,Sports,2018-01-10,1.0.3,2.1 and up
10122,Organizer,PRODUCTIVITY,4.4,936,5.4M,"50,000+",False,3.0,Everyone,Productivity,2018-06-17,2.96,4.0 and up
10123,EZ Video Download for Facebook,SOCIAL,4.1,34079,1.3M,"1,000,000+",False,0.0,Teen,Social,2017-03-14,2.001,4.0.3 and up
10124,EZCast – Cast Media to TV,VIDEO_PLAYERS,3.6,32112,Varies with device,"1,000,000+",False,0.0,Everyone,Video Players & Editors,2018-07-04,Varies with device,Varies with device
10125,EZ Cleaner - Booster Optimizer,TOOLS,4.4,6801,2.8M,"500,000+",False,0.0,Everyone,Tools,2018-01-08,1.3.1,4.0.3 and up
10126,EZ PZ RPG,FAMILY,3.8,70903,47M,"1,000,000+",False,0.0,Everyone 10+,Role Playing,2016-10-27,2.164.4,2.3 and up
10127,EZ Receipts,FINANCE,4.0,2187,Varies with device,"100,000+",False,0.0,Everyone,Finance,2018-08-01,Varies with device,Varies with device
10128,EZ Thanks,BUSINESS,3.2,116,Varies with device,"10,000+",False,0.0,Everyone,Business,2018-06-13,Varies with device,Varies with device
10129,EZ Inspections,PRODUCTIVITY,2.8,160,7.6M,"10,000+",False,0.0,Everyone,Productivity,2018-07-27,4.5.24,4.2 and up
10130,EZ-ELD Update,AUTO_AND_VEHICLES,3.1,14,4.6M,"1,000+",False,0.0,Everyone,Auto & Vehicles,2018-02-09,16.00,4.3 and up
10131,EZ Display,PRODUCTIVITY,2.9,280,10.0M,"50,000+",False,0.0,Everyone,Productivity,2014-11-14,1.0.0.457,4.0 and up
10132,EZ Web Video Cast | Chromecast,VIDEO_PLAYERS,4.1,1276,4.6M,"100,000+",False,0.0,Everyone,Video Players & Editors,2017-12-14,1.0,4.4 and up
10133,ez Share Android app,PHOTOGRAPHY,3.3,1461,13M,"100,000+",False,0.0,Everyone,Photography,2017-08-31,3.2.6,2.3 and up
10134,EZ File Manager(Root Explorer),PRODUCTIVITY,3.5,626,1.2M,"100,000+",False,0.0,Everyone,Productivity,2015-06-23,1.1,3.2 and up
10135,EZ Launcher,PERSONALIZATION,4.2,18926,2.9M,"1,000,000+",False,0.0,Everyone,Personalization,2013-09-28,0.5.2 beta,2.2 and up
10136,EZ-SEE,VIDEO_PLAYERS,2.8,71,10M,"10,000+",False,0.0,Everyone,Video Players & Editors,2018-07-18,3.08,5.0 and up
10137,EZ-ELD Driver App (Free),AUTO_AND_VEHICLES,2.1,83,4.8M,"5,000+",False,0.0,Everyone,Auto & Vehicles,2018-07-29,1.0.12,4.3 and up
10138,Ez Mirror Match,GAME,4.4,3344,36M,"500,000+",False,0.0,Everyone,Arcade,2018-01-03,2.1,4.0 and up
10139,EZ Notes Lite,PRODUCTIVITY,4.4,69,3.5M,"1,000+",False,0.0,Everyone,Productivity,2016-07-08,2.79,4.0 and up
10140,EZ Bluetooth,TOOLS,4.2,789,Varies with device,"50,000+",False,0.0,Everyone,Tools,2014-08-05,Varies with device,Varies with device
10141,Dream EZ,HEALTH_AND_FITNESS,4.1,107,50M,"10,000+",False,0.0,Everyone,Health & Fitness,2016-03-24,1.0.0,3.0 and up
10142,Ez Texting,BUSINESS,3.3,49,51k,"10,000+",False,0.0,Everyone,Business,2012-01-18,0.59,2.1 and up
10143,EZ TV Player,VIDEO_PLAYERS,3.5,51,11M,"10,000+",False,0.0,Everyone,Video Players & Editors,2018-06-26,8.0.9,5.0 and up
10144,EZ-GUI Ground Station,TOOLS,4.7,3696,29M,"50,000+",False,0.0,Everyone,Tools,2017-08-10,4.5,4.3 and up
10145,Ez iCam,PHOTOGRAPHY,3.1,7300,46M,"1,000,000+",False,0.0,Teen,Photography,2018-01-12,V4.1.0,5.0 and up
10146,E-Z App™ Train Control,TOOLS,4.3,33,46M,"1,000+",False,0.0,Everyone,Tools,2016-12-06,1.0,4.3 and up
10147,EZ App Installer,TOOLS,4.1,533,1.4M,"100,000+",False,0.0,Everyone,Tools,2017-07-22,1.4.13,4.0 and up
10148,EZ Clock & Weather Widget,WEATHER,4.2,6849,1.2M,"1,000,000+",False,0.0,Everyone,Weather,2014-03-05,v1.9.6 beta 1,2.1 and up
10149,EZ Pass,TOOLS,2.5,15,228k,"5,000+",False,0.0,Everyone,Tools,2016-09-10,1.3,2.3 and up
10150,EZ Usenet for Easynews®,VIDEO_PLAYERS,3.9,244,Varies with device,"10,000+",False,0.0,Everyone,Video Players & Editors,2016-06-23,Varies with device,Varies with device
10151,EZ View,BUSINESS,3.0,287,9.8M,"50,000+",False,0.0,Everyone,Business,2015-10-26,1.0.0.32,4.0 and up
10152,EZ TAG Express,TRAVEL_AND_LOCAL,3.2,86,39M,"10,000+",False,0.0,Everyone,Travel & Local,2018-05-17,2.5.186032,4.4 and up
10153,EZ Wifi Notification,COMMUNICATION,4.3,260,193k,"10,000+",False,0.0,Everyone,Communication,2014-08-11,1.8,2.2 and up
10154,EZ-VPNGate,TOOLS,4.3,36,12M,"5,000+",False,0.0,Everyone,Tools,2017-08-21,1.0.7,4.0.3 and up
10155,EZ Switch Widget,PRODUCTIVITY,4.2,2412,192k,"100,000+",False,0.0,Everyone,Productivity,2012-09-27,0.1.8 beta,2.2 and up
10156,EZ-Builder Mobile,FAMILY,4.3,51,57M,"5,000+",False,0.0,Everyone,Education,2018-04-02,2018.04.02.00,3.0 and up
10157,EZ LED,TOOLS,2.2,19,2.1M,"1,000+",False,0.0,Everyone,Tools,2017-09-05,1.1,4.3 and up
10158,F&M Bank - EZ Banking,FINANCE,3.9,49,3.9M,"10,000+",False,0.0,Everyone,Finance,2017-02-24,3.34.0+1702241319.a,4.1 and up
10159,My EZ-Link Mobile,LIFESTYLE,2.8,3187,11M,"100,000+",False,0.0,Everyone,Lifestyle,2017-01-27,1.0.11,4.0 and up
10160,EZ Financial Calculator,FINANCE,4.4,32,2.3M,"1,000+",False,0.0,Everyone,Finance,2018-01-13,2.3,4.4 and up
10161,EZ Quran,BOOKS_AND_REFERENCE,4.6,595,8.5M,"50,000+",False,0.0,Everyone,Books & Reference,2016-06-28,6.0,4.1 and up
10162,EZ Screenshot,TOOLS,4.4,55,1.4M,"5,000+",False,0.0,Everyone,Tools,2017-09-12,1.1.4,5.0 and up
10163,EZ Utilities Extension,TOOLS,3.9,33,473k,"5,000+",False,0.0,Everyone,Tools,2016-05-05,9.0,6.0 and up
10164,EZ-Placard - Free Placard Calculator,TOOLS,2.9,7,2.4M,"1,000+",False,0.0,Everyone,Tools,2017-10-26,2,4.1 and up
10165,EZ game screen recorder with audio 1080P,VIDEO_PLAYERS,4.1,40,3.9M,"1,000+",False,0.0,Everyone,Video Players & Editors,2017-07-13,1.0.0,5.0 and up
10166,FA Player Essentials,SPORTS,5.0,7,68M,100+,False,0.0,Everyone,Sports,2018-07-23,1.6.0,4.0.3 and up
10167,HTC Sense Input - FA,TOOLS,4.6,1420,1.6M,"100,000+",False,0.0,Everyone,Tools,2015-11-09,1.0.606863,5.0 and up
10168,"FEABIE: Feedees, BBW, BHM & FA",DATING,3.7,1212,Varies with device,"100,000+",False,0.0,Mature 17+,Dating,2018-02-16,4.4.1,4.1 and up
10169,Test Server SMS FA,COMMUNICATION,,0,1.8M,5+,False,0.0,Everyone,Communication,2018-07-27,1.0,4.0.3 and up
10170,"Messages, Text and Video Chat for Messenger",SOCIAL,4.4,49580,4.0M,"10,000,000+",False,0.0,Everyone,Social,2018-06-04,1.24,4.1 and up
10171,All Social Networks,SOCIAL,4.2,22650,1.5M,"1,000,000+",False,0.0,Everyone,Social,2018-05-21,2.4.12,4.0 and up
10172,Facebook Face to Face Events,BUSINESS,4.4,4518,26M,"1,000,000+",False,0.0,Everyone,Business,2018-03-01,1.5,4.1 and up
10173,FA Part 1 & 2 Past Papers Solved Free – Offline,BOOKS_AND_REFERENCE,3.9,46,3.0M,"5,000+",False,0.0,Everyone,Books & Reference,2018-04-30,1.1,4.0 and up
10174,CNY Slots : Gong Xi Fa Cai 发财机,GAME,3.6,33,71M,"5,000+",False,0.0,Teen,Casino,2017-06-06,1.2,4.0.3 and up
10175,Il Coccodrillo Come Fa,FAMILY,3.4,17,246k,"1,000+",False,0.0,Everyone,Entertainment,2014-11-21,1.0,4.0 and up
10176,Hertfordshire FA,SPORTS,,0,3.6M,500+,False,0.0,Everyone,Sports,2017-01-18,1.3,4.0.3 and up
10177,Farsi Keyboard,TOOLS,4.3,9716,1.3M,"1,000,000+",False,0.0,Everyone,Tools,2018-04-10,4.7,4.0 and up
10178,Premier League - Official App,SPORTS,4.3,63782,24M,"5,000,000+",False,0.0,Everyone,Sports,2018-08-07,1.1.5,4.1 and up
10179,Golden HoYeah Slots - Real Casino Slots,GAME,4.4,201537,68M,"5,000,000+",False,0.0,Teen,Casino,2018-08-01,2.1.7,4.0.3 and up
10180,Dio Fa Cose,FAMILY,,35,1.3M,"1,000+",False,0.0,Everyone,Entertainment,2018-03-15,1.0,2.3.3 and up
10181,FaFaFa™ Gold Casino: Free slot machines,GAME,4.3,11051,44M,"1,000,000+",False,0.0,Teen,Casino,2018-06-25,1.9.58,4.0.3 and up
10182,Messenger Messenger,SOCIAL,4.3,38826,7.0M,"10,000,000+",False,0.0,Everyone,Social,2018-08-07,1.6,4.1 and up
10183,F.A Sumon songs,FAMILY,,6,5.4M,"1,000+",False,0.0,Everyone,Entertainment,2018-03-18,1.1,4.1 and up
10184,NCLEX-RN Q&A FLASH CARDS - FA Davis,MEDICAL,,2,7.6M,"1,000+",False,0.0,Everyone,Medical,2018-07-19,2.7.6,5.0 and up
10185,LEADS FA,FINANCE,,31,14M,"1,000+",False,0.0,Everyone,Finance,2017-10-17,1.0,4.1 and up
10186,Farm Heroes Saga,FAMILY,4.4,7615646,71M,"100,000,000+",False,0.0,Everyone,Casual,2018-08-07,5.2.6,2.3 and up
10187,All AJK Board Matric Fa Fsc Results,FAMILY,,0,2.6M,10+,False,0.0,Everyone,Education,2018-07-22,1.0,4.0 and up
10188,ESPN Fantasy Sports,SPORTS,4.0,176487,10M,"5,000,000+",False,0.0,Everyone,Sports,2017-11-21,5.3.0,4.4 and up
10189,Heart of Vegas™ Slots – Free Slot Casino Games,GAME,4.5,264282,48M,"10,000,000+",False,0.0,Teen,Casino,2018-07-12,3.10.43,4.0.3 and up
10190,Fallout Shelter,FAMILY,4.6,2721923,25M,"10,000,000+",False,0.0,Teen,Simulation,2018-06-11,1.13.12,4.1 and up
10191,Authy 2-Factor Authentication,TOOLS,4.3,15070,6.3M,"1,000,000+",False,0.0,Everyone,Tools,2018-07-30,23.2.7,4.0.3 and up
10192,Facejjang,PHOTOGRAPHY,4.1,100179,96M,"10,000,000+",False,0.0,Everyone,Photography,2018-05-17,2.52,4.0.3 and up
10193,Block Puzzle - Wood Legend,FAMILY,4.4,318867,10M,"10,000,000+",False,0.0,Everyone,Puzzle,2018-07-06,26.0,4.0.3 and up
10194,Soccer 2018,SPORTS,3.5,172373,47M,"10,000,000+",False,0.0,Everyone,Sports,2018-07-12,1.3,4.3 and up
10195,Flash Light on Call & SMS,TOOLS,4.1,25438,3.2M,"1,000,000+",False,0.0,Everyone,Tools,2018-04-24,1.2.3,4.0.3 and up
10196,Fart sound pranks,FAMILY,3.8,283823,Varies with device,"50,000,000+",False,0.0,Everyone 10+,Casual,2016-11-23,Varies with device,Varies with device
10197,Facebook Creator,SOCIAL,4.2,3895,Varies with device,"1,000,000+",False,0.0,Teen,Social,2018-06-27,176.0.0.29.0,4.4 and up
10198,Swift for Facebook Lite,SOCIAL,4.3,9562,5.8M,"500,000+",False,0.0,Teen,Social,2018-05-31,4.1.0,Varies with device
10199,Friendly for Facebook,SOCIAL,4.5,42621,23M,"1,000,000+",False,0.0,Teen,Social,2018-08-07,2.1.05,4.4 and up
10200,Facebook Pages Manager,BUSINESS,4.0,1279800,Varies with device,"50,000,000+",False,0.0,Everyone,Business,2018-08-06,Varies with device,Varies with device
10201,Mini for fb lite,TOOLS,4.0,710,1.1M,"100,000+",False,0.0,Everyone,Tools,2018-05-24,1.0,2.3 and up
10202,Faster for Facebook Lite,SOCIAL,4.3,24456,4.6M,"1,000,000+",False,0.0,Teen,Social,2018-05-29,4.7,4.1 and up
10203,Facebook Ads Manager,BUSINESS,4.1,19051,Varies with device,"1,000,000+",False,0.0,Everyone,Business,2018-08-01,99.0.0.35.75,4.1 and up
10204,Who Viewed My FB Profile,FAMILY,3.4,121,6.3M,"10,000+",False,0.0,Everyone,Entertainment,2017-12-26,2.0,4.0.3 and up
10205,Puffin for Facebook,SOCIAL,4.0,10743,Varies with device,"500,000+",False,0.0,Teen,Social,2017-12-28,7.0.4.17908,4.1 and up
10206,Lite for Facebook Messenger,COMMUNICATION,4.3,76498,4.3M,"1,000,000+",False,0.0,Teen,Communication,2018-06-20,6.3.2,Varies with device
10207,Profile Tracker - Who Viewed My Facebook Profile,SOCIAL,4.7,37090,4.8M,"500,000+",False,0.0,Teen,Social,2018-08-01,5.4,4.1 and up
10208,Who viewed my fb profile pro★★,FAMILY,4.5,6396,4.2M,"100,000+",False,0.0,Everyone,Entertainment,2017-08-17,24.4,4.1 and up
10209,Video Downloader For FB: Save FB Videos 2018,TOOLS,4.3,434,3.6M,"50,000+",False,0.0,Everyone,Tools,2018-08-08,1.1.9,4.0.3 and up
10210,Pink Color for Facebook,SOCIAL,4.1,5285,4.0M,"500,000+",False,0.0,Everyone,Social,2018-07-01,2.0.5,4.1 and up
10211,Messenger,SOCIAL,4.1,68025,3.9M,"10,000,000+",False,0.0,Everyone,Social,2018-04-16,1.0,4.1 and up
10212,"Stickers for Imo, fb, whatsapp",SOCIAL,4.4,214,8.7M,"10,000+",False,0.0,Teen,Social,2016-10-23,1.0.0.2,2.3 and up
10213,Who Viewed My Facebook Profile - Stalkers Visitors,SOCIAL,4.6,273244,9.9M,"5,000,000+",False,0.0,Everyone,Social,2018-06-24,4.1.1,4.0.3 and up
10214,Downloader plus for FB,SOCIAL,,4,5.1M,500+,False,0.0,Everyone,Social,2017-12-23,1.3,4.2 and up
10215,Cover Camera for FB,PHOTOGRAPHY,3.8,742,1.8M,"100,000+",False,0.0,Everyone,Photography,2014-03-09,3.0.0,2.2 and up
10216,MB Notifications for FB (Free),SOCIAL,3.9,3047,1.5M,"100,000+",False,0.0,Teen,Social,2015-04-29,1.17.0,2.3 and up
10217,MultiMessage for FB Messenger,PRODUCTIVITY,4.2,182,7.0M,"50,000+",False,0.0,Everyone,Productivity,2018-04-28,1.0.1,4.2 and up
10218,Messenger Kids – Safer Messaging and Video Chat,FAMILY,4.2,3478,Varies with device,"500,000+",False,0.0,Everyone,Communication;Creativity,2018-08-06,33.0.0.22.76,4.4 and up
10219,FB Live,BUSINESS,3.7,27,18M,"5,000+",False,0.0,Everyone,Business,2018-05-17,1.2.0,5.0 and up
10220,Phoenix - Facebook & Messenger,SOCIAL,4.3,9606,3.4M,"100,000+",False,0.0,Teen,Social,2018-07-18,2.2.0717,5.0 and up
10221,Faster Social for Facebook,SOCIAL,4.2,1236,3.3M,"100,000+",False,0.0,Teen,Social,2018-08-02,1.8,4.3 and up
10222,Check Your Visitors on FB ?,SOCIAL,3.6,40,1.5M,"5,000+",False,0.0,Everyone,Social,2017-02-17,4.4,4.2 and up
10223,Videos downloader for Facebook:fast fb video saver,VIDEO_PLAYERS,4.3,20,5.1M,"5,000+",False,0.0,Everyone,Video Players & Editors,2018-04-27,1.0.0,4.0.3 and up
10224,Stickers for Facebook,SOCIAL,4.3,11066,10M,"1,000,000+",False,0.0,Everyone,Social,2018-03-13,1.4,4.4 and up
10225,Video Download For FB,TOOLS,4.3,444,1.6M,"100,000+",False,0.0,Everyone,Tools,2017-07-14,1.0,3.0 and up
10226,Video Downloader for FB : Video Download with Link,VIDEO_PLAYERS,4.5,1060,3.2M,"100,000+",False,0.0,Everyone,Video Players & Editors,2017-12-20,2.1,4.0 and up
10227,Video Downloader for FB,TOOLS,4.3,53,3.0M,"5,000+",False,0.0,Everyone,Tools,2018-08-01,1.0.1,4.0.3 and up
10228,FB Photographie,PHOTOGRAPHY,4.7,37,10M,"1,000+",False,0.0,Everyone,Photography,2016-05-22,2.0,4.0 and up
10229,Lite Messenger for Facebook Lite,SOCIAL,3.8,108,2.8M,"10,000+",False,0.0,Teen,Social,2018-05-28,3.1,4.2 and up
10230,Download Facebook Photo Albums,TOOLS,4.0,3840,2.5M,"100,000+",False,0.0,Everyone,Tools,2017-06-02,2.4,4.4 and up
10231,Mini for Facebook lite,SOCIAL,4.1,260,1.3M,"10,000+",False,0.0,Teen,Social,2018-06-21,1.2,3.0 and up
10232,FB Advanced Search,SOCIAL,,2,11M,50+,False,0.0,Teen,Social,2018-07-21,1.1.1,4.4 and up
10233,funny Image Comments for FB,SOCIAL,3.9,19,15M,"5,000+",False,0.0,Teen,Social,2018-02-13,2.0,4.1 and up
10234,IDM for Facebook ★ Downloader,PRODUCTIVITY,4.3,1905,3.1M,"100,000+",False,0.0,Everyone,Productivity,2015-10-17,7.95,2.3 and up
10235,"Unlimited Group Links - Whatsapp, FB, Telegram",SOCIAL,3.4,44,2.8M,"10,000+",False,0.0,Mature 17+,Social,2018-07-03,4.0,4.0.3 and up
10236,EasyLive - FB Live Helper,BUSINESS,,6,3.7M,500+,False,0.0,Teen,Business,2018-06-25,1.9.0,5.0 and up
10237,HD VideoDownlaoder For Fb : XXVideo Downloader,VIDEO_PLAYERS,4.2,61,6.1M,"10,000+",False,0.0,Everyone,Video Players & Editors,2018-07-30,1.0.3,4.0.3 and up
10238,Barca News - app for Barcelona FC Fans,SPORTS,4.5,207,4.5M,"10,000+",False,0.0,Everyone,Sports,2017-11-13,2.6.0,4.0 and up
10239,FC Barcelona Fantasy Manager: Real football mobile,SPORTS,4.4,15221,30M,"1,000,000+",False,0.0,Everyone,Sports,2017-10-02,7.30.005,4.0.3 and up
10240,Classic FC 64 IN 1,FAMILY,4.2,1749,6.2M,"100,000+",False,0.0,Everyone,Casual,2017-12-29,1.0.0,2.3 and up
10241,FC Barcelona Official Keyboard,SPORTS,4.7,5229,20M,"500,000+",False,0.0,Everyone,Sports,2018-05-17,2.1.0.0.15734,4.1 and up
10242,Barcelona Live 2018—Goals & News for Barca FC Fans,SPORTS,4.6,342,38M,"10,000+",False,0.0,Everyone,Sports,2018-08-06,2.22.0,4.2 and up
10243,Barcelona News - Sportfusion,SPORTS,4.4,382,20M,"10,000+",False,0.0,Everyone,Sports,2018-03-06,3.953,4.1 and up
10244,Barcelona Calendar,SPORTS,4.4,670,3.1M,"10,000+",False,0.0,Everyone,Sports,2017-11-17,2.2,4.0.3 and up
10245,"Barca News - FC Barcelona, World Foot & Transfers",SPORTS,4.8,160,6.4M,"10,000+",False,0.0,Everyone,Sports,2018-08-04,4.0,4.1 and up
10246,FC Bayern Munich,SPORTS,4.6,37140,71M,"1,000,000+",False,0.0,Everyone,Sports,2018-08-01,1.3.11,4.1 and up
10247,FC BARCELONA EVENTS,SPORTS,4.3,6,11M,100+,False,0.0,Everyone,Sports,2018-04-22,v2.7.11.16,4.1 and up
10248,Cambridge English FC,FAMILY,4.4,761,11M,"50,000+",False,0.0,Everyone,Education,2016-10-06,2.1.0,4.0 and up
10249,Barcelona Live - Goal Score & News for Barca Fans,SPORTS,4.4,38,2.6M,"10,000+",False,0.0,Everyone,Sports,2017-08-17,1.0,4.0 and up
10250,Seattle Sounders FC,SPORTS,3.3,974,33M,"10,000+",False,0.0,Everyone,Sports,2018-08-01,2018.0.12,4.1 and up
10251,FCB Connect - FC Barcelona,SOCIAL,4.5,795,21M,"50,000+",False,0.0,Teen,Social,2018-06-07,2.1.5,4.1 and up
10252,1. FC Köln App,SPORTS,4.6,2019,41M,"100,000+",False,0.0,Everyone,Sports,2018-07-20,1.13.0,4.4 and up
10253,File Commander - File Manager/Explorer,BUSINESS,4.3,758590,12M,"100,000,000+",False,0.0,Everyone,Business,2018-08-02,Varies with device,4.1 and up
10254,FC Porto,SPORTS,4.9,15883,21M,"100,000+",False,0.0,Everyone,Sports,2018-06-19,2.6.0,4.0.3 and up
10255,Fulham FC,SPORTS,4.3,401,2.8M,"10,000+",False,0.0,Everyone,Sports,2017-08-09,5.0,2.3 and up
10256,Barcelona FC Noticias Live,NEWS_AND_MAGAZINES,,2,3.6M,500+,False,0.0,Everyone,News & Magazines,2018-02-04,2.0,4.0.3 and up
10257,Chelsea FC Official Keyboard,PRODUCTIVITY,4.5,91397,14M,"1,000,000+",False,0.0,Everyone,Productivity,2018-07-03,3.4.4,5.0 and up
10258,Burnley FC,SPORTS,4.9,195,29M,"5,000+",False,0.0,Everyone,Sports,2018-08-01,2018.8.1,4.4 and up
10259,Atlanta United FC,SPORTS,3.7,215,76M,"10,000+",False,0.0,Everyone,Sports,2018-06-28,2.10.5-prod-release,4.4 and up
10260,Barcelona Wallpaper HD,PERSONALIZATION,4.5,93,5.7M,"10,000+",False,0.0,Everyone,Personalization,2018-02-28,1.10,4.1 and up
10261,Sydney FC Official App,SPORTS,4.6,57,17M,"5,000+",False,0.0,Everyone,Sports,2018-06-26,3.0.0,4.1 and up
10262,Birmingham City FC,SPORTS,4.5,191,28M,"10,000+",False,0.0,Everyone,Sports,2018-08-01,2018.8.1,4.4 and up
10263,FC Browser - Focus Privacy Browser,COMMUNICATION,4.1,26,4.6M,"1,000+",False,0.0,Everyone,Communication,2017-11-24,1.0,5.0 and up
10264,My AEK - Official ΑΕΚ FC app,SPORTS,4.8,3346,Varies with device,"50,000+",False,0.0,Everyone,Sports,2018-01-18,2.0.2,Varies with device
10265,FC Parking,MAPS_AND_NAVIGATION,,0,19M,500+,False,0.0,Everyone,Maps & Navigation,2017-12-01,1.0.0,4.1 and up
10266,Noticias FC Barcelona,NEWS_AND_MAGAZINES,5.0,4,3.1M,100+,False,0.0,Everyone,News & Magazines,2018-06-15,1.3,4.4 and up
10267,Toronto FC,SPORTS,3.4,144,79M,"10,000+",False,0.0,Teen,Sports,2018-05-11,4.2.5,4.3 and up
10268,Middlesbrough FC Official,SPORTS,4.5,152,36M,"10,000+",False,0.0,Everyone,Sports,2018-05-29,2018.5.25,4.4 and up
10269,The 5th Stand,SPORTS,4.8,1697,17M,"100,000+",False,0.0,Everyone,Sports,2018-07-31,1.2.677,4.4 and up
10270,Galaxian(FC),GAME,4.5,2,7.8M,100+,False,2.0,Everyone,Arcade,2015-11-13,1.0,2.3 and up
10271,FC Red Bull Salzburg App,SPORTS,4.5,1526,89M,"50,000+",False,0.0,Everyone,Sports,2018-08-07,4.0.4-R,5.0 and up
10272,FC Zenit official Android app,SPORTS,4.5,5675,49M,"100,000+",False,0.0,Everyone,Sports,2018-04-18,3.0.10,4.1 and up
10273,Fan App for Portsmouth FC,SPORTS,4.5,53,12M,"1,000+",False,0.0,Teen,Sports,2016-08-06,060816,4.2 and up
10274,Latest Barcelona News 24h,NEWS_AND_MAGAZINES,4.5,104,3.0M,"10,000+",False,0.0,Everyone,News & Magazines,2018-01-06,1.3,4.0 and up
10275,Mobile FC,SPORTS,4.1,5015,57M,"100,000+",False,0.0,Everyone,Sports,2018-05-25,125,4.0.3 and up
10276,"FirstCry Baby & Kids Shopping, Fashion & Parenting",SHOPPING,4.1,41074,16M,"5,000,000+",False,0.0,Everyone,Shopping,2018-06-27,68,4.1 and up
10277,Fan App for Reading FC,SPORTS,3.6,9,13M,500+,False,0.0,Teen,Sports,2016-08-06,060816,4.2 and up
10278,Deportivo Toluca FC,SPORTS,4.7,2317,5.9M,"50,000+",False,0.0,Everyone,Sports,2018-07-26,2.0.20,5.0 and up
10279,Underdog FC,SPORTS,4.6,216,40M,"10,000+",False,0.0,Everyone,Sports,2018-08-02,23.17,4.1 and up
10280,Las Vegas Lights FC,SPORTS,4.9,10,14M,500+,False,0.0,Everyone,Sports,2018-03-09,2.0.833.18,4.0.3 and up
10281,APOEL FC,SPORTS,4.6,688,Varies with device,"10,000+",False,0.0,Everyone,Sports,2015-01-07,Varies with device,Varies with device
10282,FD Shift Calendar Widget,TOOLS,4.1,981,73k,"100,000+",False,0.0,Everyone,Tools,2011-03-16,1.2.4,1.6 and up
10283,Bank FD Interest Calculator,FINANCE,4.5,166,3.5M,"10,000+",False,0.0,Everyone,Finance,2018-01-07,2.5,4.0.3 and up
10284,FD VR Video Player - (Stored),FAMILY,3.9,751,17M,"100,000+",False,0.0,Everyone,Entertainment,2016-11-30,3.6.1,4.4 and up
10285,FD Mobile,FAMILY,3.9,53,7.9M,"5,000+",False,0.0,Everyone,Entertainment,2017-09-20,2.1.2,4.0.3 and up
10286,Formula DRIFT,SPORTS,4.6,169,19M,"10,000+",False,0.0,Everyone,Sports,2018-07-27,2.0.855.33,4.0.3 and up
10287,FD VR - Virtual 3D Web Browser,FAMILY,3.8,729,30M,"100,000+",False,0.0,Everyone,Entertainment,2018-03-09,4.6.12c,4.4 and up
10288,FD Community FCU Mobile,FINANCE,4.7,175,12M,"1,000+",False,0.0,Everyone,Finance,2018-06-12,5.9.1.0,5.0 and up
10289,Female Daily,BEAUTY,3.9,4354,42M,"100,000+",False,0.0,Teen,Beauty,2018-08-06,2.5.1,4.0.3 and up
10290,FD VR - Virtual App Launcher,LIBRARIES_AND_DEMO,4.1,1463,7.4M,"100,000+",False,0.0,Everyone,Libraries & Demo,2016-11-30,3.6.1,4.4 and up
10291,FD VR Player - for 360 Youtube,FAMILY,3.9,100,9.1M,"10,000+",False,0.0,Everyone,Entertainment,2016-11-30,3.6.1,4.4 and up
10292,FD VR Store -VR Games and Apps,FAMILY,4.0,105,7.5M,"10,000+",False,0.0,Everyone,Simulation,2016-11-30,3.6.1,4.4 and up
10293,Policy And FD Manager,FINANCE,4.3,20,4.8M,500+,False,0.0,Everyone,Finance,2018-06-09,14,4.4 and up
10294,FD VR - Virtual Reality Camera,FAMILY,4.0,1007,7.4M,"100,000+",False,0.0,Everyone,Entertainment,2016-11-30,3.6.1,4.4 and up
10295,Sports Lite,SPORTS,4.4,16,4.9M,"1,000+",False,0.0,Everyone,Sports,2018-07-31,1.0,4.0.3 and up
10296,FD VR Theater - for Youtube VR,FAMILY,4.1,4585,9.1M,"1,000,000+",False,0.0,Everyone,Entertainment,2016-11-30,3.6.1,4.4 and up
10297,Story Time FD,FAMILY,5.0,2,4.2M,10+,False,0.0,Everyone 10+,Simulation,2016-03-25,1.1,1.6 and up
10298,FD Calculator | Term Deposit | Fixed Deposit,FINANCE,4.8,12,2.7M,"1,000+",False,0.0,Everyone,Finance,2018-06-13,2.1,5.0 and up
10299,FD CANNECT,TOOLS,,1,75M,1+,False,0.0,Everyone,Tools,2018-07-31,3,8.0 and up
10300,Financial Calculator India,FINANCE,4.6,13819,3.9M,"1,000,000+",False,0.0,Everyone,Finance,2018-07-04,3.3,4.0 and up
10301,"FD Calculator (EMI, SIP, RD & Loan Eligilibility)",FINANCE,5.0,104,2.3M,"1,000+",False,0.0,Everyone,Finance,2018-08-07,2.1.0,4.1 and up
10302,FD VR Cardboard Featured 360 Videos,FAMILY,4.2,76,35M,"10,000+",False,0.0,Everyone,Entertainment,2017-12-19,4.5.1c,4.4 and up
10303,"EMI, FD, RD - Bank Calculator",FINANCE,4.7,42,3.5M,"5,000+",False,0.0,Everyone,Finance,2017-04-02,2.3,4.1 and up
10304,FD VR Player - for Youtube 3D,FAMILY,4.0,2378,9.1M,"500,000+",False,0.0,Everyone,Entertainment,2016-11-30,3.6.1,4.4 and up
10305,RD/FD Calculator,FINANCE,4.4,92,1.5M,"10,000+",False,0.0,Everyone,Finance,2017-01-31,1.2.1,4.0.3 and up
10306,FD VR Music Videos - MTV Pop and Rap in 360,FAMILY,4.9,15,26M,"1,000+",False,0.0,Everyone,Entertainment,2017-12-19,4.5.3c,4.4 and up
10307,FD VR - Virtual Photo Gallery,FAMILY,3.5,179,7.4M,"10,000+",False,0.0,Everyone,Entertainment,2016-11-30,3.6.1,4.4 and up
10308,Fix Deposit Calculator (FD),FINANCE,4.1,7,2.1M,"1,000+",False,0.0,Everyone,Finance,2018-02-06,1.0,4.0.3 and up
10309,FD Interest Calculator,FINANCE,4.2,17,4.7M,"5,000+",False,0.0,Everyone,Finance,2015-01-18,2.7,3.0 and up
10310,Deposit Calculator FD & RD,FINANCE,4.4,18,3.4M,"10,000+",False,0.0,Everyone,Finance,2017-01-21,1.1,3.0 and up
10311,FD Fotografia,PHOTOGRAPHY,,2,4.2M,100+,False,0.0,Everyone,Photography,2018-01-17,0.0.9,4.1 and up
10312,Banking Calculator,FINANCE,4.5,3704,4.6M,"100,000+",False,0.0,Everyone,Finance,2018-03-20,34,2.3 and up
10313,FD e-paper,NEWS_AND_MAGAZINES,3.1,183,7.1M,"10,000+",False,0.0,Everyone,News & Magazines,2018-07-04,2.2.9,4.1 and up
10314,FD Fitness,HEALTH_AND_FITNESS,,3,21M,50+,False,0.0,Everyone,Health & Fitness,2018-07-04,6.3.1,4.0.3 and up
10315,EMI/FD/RD/PV/IRR/BEP/EOQ Calc,FINANCE,4.5,58,2.7M,"10,000+",False,0.0,Everyone,Finance,2015-12-09,1.6.3,3.0 and up
10316,EMI Calculator | FD Calculator | RD calculator,FINANCE,4.6,106,4.4M,"10,000+",False,0.0,Everyone,Finance,2018-03-19,5.3,4.0.3 and up
10317,LineStar for FanDuel,SPORTS,4.3,1539,14M,"50,000+",False,0.0,Teen,Sports,2018-06-06,3.0.3,4.0.3 and up
10318,HD Video Download for Facebook,VIDEO_PLAYERS,4.4,20755,17M,"1,000,000+",False,0.0,Everyone,Video Players & Editors,2018-03-16,4.0.3,4.1 and up
10319,Fire Emblem Heroes,FAMILY,4.6,407694,Varies with device,"5,000,000+",False,0.0,Teen,Simulation,2018-07-19,2.7.1,4.2 and up
10320,Santa Fe FCU Mobile Banking,FINANCE,4.3,12,9.0M,"1,000+",False,0.0,Everyone,Finance,2018-01-22,1.18.4,4.0 and up
10321,FE Connect,TOOLS,4.8,24,4.5M,"5,000+",False,0.0,Everyone,Tools,2017-09-14,2.3.0,4.0.3 and up
10322,FE Civil Engineering Exam Prep,FAMILY,2.8,9,21M,"1,000+",False,0.0,Everyone,Education,2018-07-27,5.33.3669,5.0 and up
10323,FE CREDIT - TET VUI,FINANCE,4.1,125,15M,"50,000+",False,0.0,Everyone,Finance,2018-03-06,1.2.1,4.1 and up
10324,FE Mechanical Engineering Prep,FAMILY,1.0,2,21M,"1,000+",False,0.0,Everyone,Education,2018-07-27,5.33.3669,5.0 and up
10325,FE Mobile,BUSINESS,3.0,2,8.0M,10+,False,0.0,Everyone,Business,2018-07-10,1.4.5,4.1 and up
10326,Comunidad De Fe Minitries,LIFESTYLE,5.0,19,11M,500+,False,0.0,Everyone,Lifestyle,2018-03-01,1.1,4.1 and up
10327,Garena Free Fire,GAME,4.5,5534114,53M,"100,000,000+",False,0.0,Teen,Action,2018-08-03,1.21.0,4.0.3 and up
10328,FE Other Disciplines Engineering Exam Prep,FAMILY,,0,21M,100+,False,0.0,Everyone,Education,2018-07-27,5.33.3669,5.0 and up
10329,FE EN ACCIÓN RADIO,FAMILY,,1,2.9M,10+,False,0.0,Everyone,Entertainment,2018-07-05,1.4,5.0 and up
10330,FE Electric & Comp Engineering,FAMILY,,2,20M,500+,False,0.0,Everyone,Education,2018-07-27,5.33.3669,5.0 and up
10331,Caprock Santa Fe Credit Union,FINANCE,,0,2.9M,100+,False,0.0,Everyone,Finance,2018-03-23,3.0.6,4.1 and up
10332,FE Chemical Engineering Exam Prep,FAMILY,,2,20M,100+,False,0.0,Everyone,Education,2018-07-27,5.33.3669,5.0 and up
10333,Santa Fe Map and Walks,TRAVEL_AND_LOCAL,,2,47M,"1,000+",False,0.0,Everyone,Travel & Local,2018-04-20,32,4.0 and up
10334,FE IP,TOOLS,,3,12M,"1,000+",False,0.0,Everyone,Tools,2017-10-27,1.51,3.0 and up
10335,Safe Santa Fe,FAMILY,5.0,2,12M,"1,000+",False,0.0,Everyone,Education,2016-07-04,1.0,4.0 and up
10336,Santa Fe New Mexican e-Edition,NEWS_AND_MAGAZINES,4.1,25,17M,"1,000+",False,0.0,Everyone,News & Magazines,2018-06-21,4.7.4.18.0621,4.1 and up
10337,L!FE Premium Training,HEALTH_AND_FITNESS,,2,10M,100+,False,0.0,Everyone,Health & Fitness,2018-07-09,4.2.2,4.1 and up
10338,Theme for Galaxy Note FE Launcher | Live Wallpaper,PERSONALIZATION,,2,26M,100+,False,0.0,Everyone,Personalization,2017-12-22,1.0,4.0 and up
10339,Theme for Galaxy Note FE,PERSONALIZATION,,3,9.2M,100+,False,0.0,Everyone,Personalization,2017-07-29,1.0,2.3.3 and up
10340,Note FE Theme And Launcher For Samsung Galaxy,PERSONALIZATION,4.4,7,9.8M,"1,000+",False,0.0,Everyone,Personalization,2017-08-28,1.0,4.0 and up
10341,FE CPS,FINANCE,3.0,62,17M,"10,000+",False,0.0,Everyone,Finance,2017-06-26,0.1.8,4.0 and up
10343,Santa Fe Indian Market,FAMILY,3.8,4,30M,500+,False,0.0,Everyone,Entertainment,2018-07-23,5.11,5.0 and up
10344,FE Connect Fhoton,TOOLS,,0,1.8M,100+,False,0.0,Everyone,Tools,2017-11-28,1.1,4.0.3 and up
10345,Repair Hyundai Santa Fe,AUTO_AND_VEHICLES,3.9,22,97M,"1,000+",False,0.0,Everyone,Auto & Vehicles,2018-01-31,1.0,4.0 and up
10346,La Fe de Jesús,BOOKS_AND_REFERENCE,,10,2.9M,500+,False,0.0,Everyone,Books & Reference,2017-08-23,1,4.0.3 and up
10347,Santa Fe Espresso & News,FOOD_AND_DRINK,,0,15M,10+,False,0.0,Everyone,Food & Drink,2017-10-12,1.2.2,4.4 and up
10348,Santa Fe Sentry,HOUSE_AND_HOME,,0,5.3M,100+,False,0.0,Everyone,House & Home,2017-08-07,1.6.0,4.1 and up
10349,Santa Fe Thrive,HEALTH_AND_FITNESS,5.0,2,8.3M,50+,False,0.0,Everyone,Health & Fitness,2018-07-09,4.2.2,4.1 and up
10350,FE Connect Drive-Tech,BUSINESS,,0,20M,100+,False,0.0,Everyone,Business,2018-02-12,1.2.1.0,4.1 and up
10351,FE Mix - Jokes - Status - Wallpaper,FAMILY,,3,3.0M,"1,000+",False,0.0,Everyone,Entertainment,2018-06-02,2.1,4.4 and up
10352,Frases Cristianas de Esperanza y Fe,SOCIAL,,2,5.6M,100+,False,0.0,Everyone,Social,2017-10-18,1.0,2.3 and up
10353,Theme for Samsung Galaxy Note FE,PERSONALIZATION,4.5,52,7.9M,"10,000+",False,0.0,Everyone,Personalization,2017-07-04,1.0,2.3.3 and up
10354,Santa Fe VIP Tours,TRAVEL_AND_LOCAL,,1,22M,100+,False,0.0,Everyone,Travel & Local,2017-08-19,2.8,4.0 and up
10355,Santa Fe App,SPORTS,,196,5.0M,"5,000+",False,0.0,Everyone,Sports,2017-08-09,2.1.0,4.0.3 and up
10356,Curso Básico y Avanzado la Fe de Jesús Audio-Texto,FAMILY,,0,11M,10+,False,0.0,Everyone 10+,Education,2018-07-12,1.0,4.0 and up
10357,Ríos de Fe,LIFESTYLE,5.0,141,15M,"1,000+",False,0.0,Everyone,Lifestyle,2018-03-24,1.8,4.1 and up
10358,Theme For Galaxy Note FE,PERSONALIZATION,,0,7.5M,100+,False,0.0,Everyone,Personalization,2018-04-19,1.1,4.1 and up
10359,Le Fe de Jesus,BOOKS_AND_REFERENCE,,3,4.1M,500+,False,0.0,Everyone,Books & Reference,2015-12-17,1.0,2.3.3 and up
10360,FG Mobile,FAMILY,3.3,130,13M,"5,000+",False,0.0,Everyone,Education,2017-12-21,2.0.0,4.0 and up
10361,FG Wallet,FINANCE,,9,12M,"1,000+",False,0.0,Everyone,Finance,2018-06-06,2.1,6.0 and up
10362,Burn Your Fat With Me! FG,HEALTH_AND_FITNESS,4.5,38487,60M,"1,000,000+",False,0.0,Teen,Health & Fitness,2018-07-03,5.1.0,4.1 and up
10363,FG On-The-Go,TOOLS,4.9,55,25M,"1,000+",False,0.0,Everyone,Tools,2018-06-29,2.01.0.2,4.1 and up
10364,FG Autumn Photo Puzzle,FAMILY,,0,4.6M,10+,False,0.0,Everyone,Puzzle,2017-08-23,1.0,4.0 and up
10365,Radio FG Paris Underground,FAMILY,,3,1.7M,100+,False,0.0,Teen,Entertainment,2015-07-26,2,2.2 and up
10366,FG Radio - Radios de France,FAMILY,,0,6.5M,10+,False,0.0,Everyone,Entertainment,2018-06-10,1.0,4.2 and up
10367,FG SPINNER,GAME,,2,36M,10+,False,0.0,Everyone,Board,2018-04-06,0.90,4.0.3 and up
10368,FG Finder,TOOLS,,154,17M,"10,000+",False,0.0,Everyone,Tools,2018-07-16,2.1.0,4.1 and up
10369,FG. Chic - House Lounge Musique - Radios de France,FAMILY,,1,6.5M,50+,False,0.0,Everyone,Entertainment,2018-06-09,1.0,4.2 and up
10370,BROTHER IN WARS: GUNNER CITY WARLORDS,GAME,4.3,8649,39M,"1,000,000+",False,0.0,Teen,Action,2018-07-26,1.0.3,4.2 and up
10371,Angry Birds Space HD,GAME,4.5,43645,46M,"5,000,000+",False,0.0,Everyone,Arcade,2018-05-25,2.2.13,4.1 and up
10372,Survival Prison Escape v2: Free Action Game,FAMILY,4.1,44027,52M,"5,000,000+",False,0.0,Mature 17+,Strategy,2018-02-21,1.0.9,2.3 and up
10373,FG VOC,BUSINESS,4.8,6,7.7M,"1,000+",False,0.0,Everyone,Business,2018-08-07,2.1.5,4.1 and up
10374,Police Car Driver,GAME,3.8,83671,30M,"10,000,000+",False,0.0,Everyone 10+,Racing,2018-05-04,9,4.1 and up
10375,Modern Sniper Strike: Best Commando Action 2k18,GAME,4.1,164,17M,"10,000+",False,0.0,Everyone,Action,2017-08-23,1.0,2.3 and up
10376,Moto Fighter 3D,GAME,3.9,85410,39M,"10,000,000+",False,0.0,Everyone 10+,Racing,2017-09-20,20170920,4.1 and up
10377,FG Rockstar,FAMILY,,1,30M,10+,False,0.0,Everyone,Education,2018-08-02,1.1.5,4.1 and up
10378,BMX Boy,GAME,4.2,839206,12M,"50,000,000+",False,0.0,Everyone,Racing,2017-09-20,1.16.33,4.1 and up
10379,Crazy Bike attack Racing New: motorcycle racing,GAME,4.2,20364,45M,"5,000,000+",False,0.0,Everyone,Racing,2018-07-12,1.2.1,4.1 and up
10380,POLARIS 2MFG,FAMILY,4.8,1228,29M,"10,000+",False,0.0,Everyone,Education,2018-03-28,1.7,4.1 and up
10381,Gun Disassembly 2,FAMILY,4.1,26347,48M,"1,000,000+",False,0.0,Everyone 10+,Entertainment,2017-09-15,14.0.1,2.2 and up
10382,Fields of Battle,GAME,4.1,71476,50M,"1,000,000+",False,0.0,Everyone 10+,Action,2018-04-21,2.14,4.0 and up
10383,Family Guy The Quest for Stuff,GAME,4.0,995002,Varies with device,"10,000,000+",False,0.0,Mature 17+,Adventure,2018-07-25,1.73.0,4.1 and up
10384,Ambulance Simulator 3D,FAMILY,3.9,29415,66M,"1,000,000+",False,0.0,Mature 17+,Simulation,2016-12-11,2.0.1,2.3 and up
10385,Leghe Fantagazzetta,SPORTS,4.1,79464,27M,"1,000,000+",False,0.0,Everyone,Sports,2018-08-06,5.0.8,4.4 and up
10386,Police Car Driving Sim,FAMILY,4.1,72522,51M,"10,000,000+",False,0.0,Everyone,Simulation,2018-04-10,1.54,2.3.3 and up
10387,Toy Attack,GAME,4.2,3878,69M,"500,000+",False,0.0,Everyone,Action,2018-04-04,1.9,4.0.3 and up
10388,Field Goal Tournament,SPORTS,3.7,2980,21M,"100,000+",False,0.0,Everyone,Sports,2015-09-01,1.2.8,2.3 and up
10389,Ghost In Photo,PHOTOGRAPHY,3.9,28429,14M,"5,000,000+",False,0.0,Teen,Photography,2018-03-16,2.0,2.3 and up
10390,Disney Princess Palace Pets,FAMILY,3.9,60097,19M,"1,000,000+",False,0.0,Everyone,Entertainment;Pretend Play,2018-02-10,5.1,4.2 and up
10391,Police VAZ LADA Simulator,FAMILY,3.6,3502,61M,"500,000+",False,0.0,Teen,Simulation,2016-09-11,1.3,2.3 and up
10392,Scary Video Maker,FAMILY,3.7,9296,28M,"500,000+",False,0.0,Teen,Entertainment,2018-07-24,1.14,4.1 and up
10393,SnowMobile Parking Adventure,GAME,3.6,12257,49M,"1,000,000+",False,0.0,Everyone,Racing,2016-09-09,1.4,2.3 and up
10394,PBS KIDS Games,FAMILY,4.3,12919,94M,"1,000,000+",False,0.0,Everyone,Educational;Education,2018-06-06,1.15.2,4.4 and up
10395,Zombie Sniper 3D III,GAME,3.9,8122,23M,"500,000+",False,0.0,Mature 17+,Action,2017-02-28,1.8,2.3 and up
10396,Family Guy- Another Freakin' Mobile Game,FAMILY,4.5,221691,94M,"5,000,000+",False,0.0,Teen,Puzzle,2018-08-06,1.20.22,4.0.3 and up
10397,FH WiFiCam,PHOTOGRAPHY,2.6,201,2.5M,"10,000+",False,0.0,Everyone,Photography,2017-05-02,2.1,4.1 and up
10398,HD Themes Volvo FH Trucks,PERSONALIZATION,4.4,40,13M,"5,000+",False,0.0,Teen,Personalization,2016-06-21,1.0,2.3.3 and up
10399,Familial Hypercholesterolaemia,MEDICAL,,0,34M,10+,False,0.0,Everyone,Medical,2018-07-05,2.0.1,4.1 and up
10400,Familial Hypercholesterolaemia Handbook,MEDICAL,1.0,2,33M,100+,False,0.0,Everyone,Medical,2018-07-02,2.0.1,4.1 and up
10401,Themes Volvo FH 16 Trucks,PERSONALIZATION,,38,16M,"10,000+",False,0.0,Teen,Personalization,2016-06-17,1.0,2.3.3 and up
10402,FH Calculator,HEALTH_AND_FITNESS,,9,992k,500+,False,0.0,Everyone,Health & Fitness,2015-06-04,1.0,4.0 and up
10403,Top Themes Volvo FH Trucks,PERSONALIZATION,,9,18M,"1,000+",False,0.0,Teen,Personalization,2018-06-19,1.0,4.1 and up
10404,Top Puzzles Volvo FH Trucks,FAMILY,,4,8.1M,500+,False,0.0,Teen,Puzzle,2016-11-20,1.0,4.0 and up
10405,Wallpapers Volvo FH 16 Trucks,PERSONALIZATION,4.2,13,15M,"1,000+",False,0.0,Teen,Personalization,2016-06-18,1.0,2.3.3 and up
10406,Puzzles Volvo FH 16 Trucks,FAMILY,4.8,10,8.2M,"1,000+",False,0.0,Teen,Puzzle,2016-12-02,1.0,4.0 and up
10407,Jigsaw Volvo FH 16 Trucks,FAMILY,5.0,5,8.1M,"1,000+",False,0.0,Teen,Puzzle,2016-12-01,1.0,4.0 and up
10408,Shoot Hunter-Gun Killer,GAME,4.3,320334,27M,"50,000,000+",False,0.0,Teen,Action,2018-08-08,1.1.2,4.1 and up
10409,studentsLife by FH Kärnten,FAMILY,4.4,108,Varies with device,"5,000+",False,0.0,Everyone,Education,2018-03-30,4.0.1,4.4 and up
10410,FH® Cost Lookup / FH® CCSalud,MEDICAL,4.5,30,4.1M,"1,000+",False,0.0,Everyone,Medical,2017-06-21,4.1.0,4.0.3 and up
10411,FH Kufstein App,FAMILY,,9,20M,500+,False,0.0,Everyone,Education,2017-11-20,2.3.1,4.4 and up
10412,FH App,BUSINESS,4.9,27,6.0M,100+,False,0.0,Everyone,Business,2018-07-26,1.0.90,4.0 and up
10413,HD Wallpapers Volvo FH Trucks,PERSONALIZATION,,4,17M,500+,False,0.0,Teen,Personalization,2016-06-21,1.0,2.3.3 and up
10414,Jigsaw Puzzles Volvo FH Truck Game,FAMILY,,4,4.7M,100+,False,0.0,Teen,Puzzle,2017-07-24,1.0,4.0.3 and up
10415,Themes Volvo FH Trucks,PERSONALIZATION,,14,14M,"1,000+",False,0.0,Teen,Personalization,2016-06-17,1.0,2.3.3 and up
10416,FH School,FAMILY,5.0,4,5.8M,100+,False,0.0,Everyone,Education,2018-04-11,1.0.1,4.0.3 and up
10417,FH Wallet,FINANCE,,0,9.9M,1+,False,0.0,Everyone,Finance,2018-07-26,1.0.0,4.1 and up
10418,FH Dortmund FB4,FAMILY,,40,9.9M,"1,000+",False,0.0,Everyone,Education,2018-05-22,1.2.0,4.0.3 and up
10419,Fast Motorcycle Driver 2016,GAME,4.2,28151,49M,"1,000,000+",False,0.0,Everyone 10+,Racing,2016-12-25,1.2,2.3.3 and up
10420,Wallpapers Volvo FH Truck,PERSONALIZATION,4.2,4,14M,100+,False,0.0,Teen,Personalization,2016-07-31,1.0,2.3.3 and up
10421,HD Jigsaw Volvo FH Trucks,FAMILY,,2,7.6M,500+,False,0.0,Teen,Puzzle,2016-11-29,1.0,4.0 and up
10422,Jigsaw Puzzles Volvo FH Trucks,FAMILY,,3,7.8M,"1,000+",False,0.0,Teen,Puzzle,2016-12-01,1.0,4.0 and up
10423,Angry Shark 2016,FAMILY,4.0,73185,46M,"5,000,000+",False,0.0,Teen,Simulation,2017-11-01,1.6,4.0 and up
10424,First Hawaiian Bank Mobile,FINANCE,2.1,232,29M,"10,000+",False,0.0,Everyone,Finance,2018-05-09,18.1.79,5.0 and up
10425,FH CODE,TOOLS,,13,3.6M,100+,False,0.0,Everyone,Tools,2018-02-26,FH CODE 1.0,2.1 and up
10426,Strike! Ten Pin Bowling,SPORTS,4.2,18584,49M,"5,000,000+",False,0.0,Everyone,Sports,2018-06-27,1.7.0,4.1 and up
10427,IKORO FH App Rosenheim,FAMILY,,22,29M,"1,000+",False,0.0,Everyone,Education,2018-02-06,1.10.0.0,2.3.3 and up
10428,My Truck,TOOLS,2.5,247,8.2M,"10,000+",False,0.0,Everyone,Tools,2017-03-15,1.0.6,4.2 and up
10429,Talking Tom Bubble Shooter,FAMILY,4.4,687136,54M,"50,000,000+",False,0.0,Everyone,Casual,2018-05-25,1.5.3.20,4.1 and up
10430,Forgotten Hill: Fall,GAME,4.4,1063,18M,"50,000+",False,0.0,Teen,Adventure,2017-10-30,1.7,3.0 and up
10431,Forgotten Hill Mementoes,GAME,4.6,2027,56M,"100,000+",False,0.0,Teen,Adventure,2018-03-19,1.5,4.1 and up
10432,EHiN-FH conferenceapp,COMMUNICATION,,5,26M,100+,False,0.0,Everyone,Communication,2016-11-15,1.17,4.1 and up
10433,BTK-FH Online Campus,FAMILY,,1,3.3M,500+,False,0.0,Everyone,Education,2016-11-07,1.7.2,4.0.3 and up
10434,Talking Husky Dog,FAMILY,4.4,26545,40M,"1,000,000+",False,0.0,Everyone,Casual,2018-07-20,2.08,4.1 and up
10435,Bubble Bird Rescue,FAMILY,4.2,70753,14M,"5,000,000+",False,0.0,Everyone,Puzzle,2018-08-07,1.8.6,4.0.3 and up
10436,Forgotten Hill: Surgery,GAME,4.5,2431,24M,"100,000+",False,0.0,Teen,Adventure,2017-11-03,1.4,3.0 and up
10437,Real Airplane Flight Simulator: Pilot Games,FAMILY,3.3,21735,37M,"1,000,000+",False,0.0,Everyone,Simulation,2018-07-11,1.0.03,4.0 and up
10438,Dolphin and fish coloring book,FAMILY,3.9,2249,Varies with device,"500,000+",False,0.0,Everyone,Art & Design;Creativity,2018-05-15,Varies with device,4.1 and up
10439,Carpooling FH Hagenberg,COMMUNICATION,,0,Varies with device,100+,False,0.0,Everyone,Communication,2017-05-18,Varies with device,Varies with device
10440,Forgotten Hill: Puppeteer,GAME,4.5,2917,22M,"100,000+",False,0.0,Teen,Adventure,2017-10-30,2.6,2.3 and up
10441,Airplane Fly Hawaii,FAMILY,4.1,83427,16M,"1,000,000+",False,0.0,Everyone,Simulation,2015-01-30,2.6,4.1 and up
10442,FiSwitch,TOOLS,4.8,615,2.0M,"10,000+",False,2.0,Everyone,Tools,2018-07-24,5.2,5.0 and up
10443,Signal Info,TOOLS,4.6,424,3.5M,"10,000+",False,0.0,Everyone,Tools,2017-12-19,0.11,6.0 and up
10444,Signal Spy - Monitor Signal Strength & Data Usage,TOOLS,4.4,875,8.5M,"100,000+",False,0.0,Everyone,Tools,2017-12-31,1.9.9.5,5.1 and up
10445,Wi-Fi Auto-connect,COMMUNICATION,3.8,15036,253k,"1,000,000+",False,0.0,Everyone,Communication,2015-08-01,1.2.0,1.6 and up
10446,Smart Wi-Fi Hotspot PRO,COMMUNICATION,3.7,197,957k,"10,000+",False,3.0,Everyone,Communication,2016-02-10,1.0,2.2 and up
10447,"Talkie - Wi-Fi Calling, Chats, File Sharing",COMMUNICATION,4.2,4838,Varies with device,"500,000+",False,0.0,Everyone,Communication,2018-01-06,Varies with device,Varies with device
10448,Portable Wi-Fi hotspot Premium,COMMUNICATION,3.7,481,420k,"10,000+",False,1.0,Everyone,Communication,2015-12-16,1.4.0.2,2.3 and up
10449,Avast Wi-Fi Finder,PRODUCTIVITY,4.3,37277,13M,"1,000,000+",False,0.0,Everyone,Productivity,2018-02-26,2.3.1,4.0.3 and up
10450,Police Field Interview FI Card,PRODUCTIVITY,4.5,112,2.4M,"1,000+",False,8.0,Everyone,Productivity,2017-03-16,3.0,4.0.3 and up
10451,LG Hi-Fi Plus Manager,TOOLS,3.5,154,3.4M,"10,000+",False,0.0,Everyone,Tools,2016-09-06,5.0.6,6.0 and up
10452,WeFi - Free Fast WiFi Connect & Find Wi-Fi Map,COMMUNICATION,4.0,13469,5.1M,"1,000,000+",False,0.0,Everyone,Communication,2018-06-05,4.7.0.2200000,4.0 and up
10453,"Talkie Pro - Wi-Fi Calling, Chats, File Sharing",COMMUNICATION,4.5,201,Varies with device,"1,000+",False,3.0,Everyone,Communication,2018-01-06,Varies with device,Varies with device
10454,Safe Wi-Fi,PRODUCTIVITY,2.9,32,9.7M,"1,000+",False,0.0,Everyone,Productivity,2018-08-03,1.3.22,4.4 and up
10455,[root] Pry-Fi,TOOLS,3.9,6736,72k,"500,000+",False,0.0,Everyone,Tools,2014-02-02,1.20,4.2 and up
10456,Sat-Fi,COMMUNICATION,3.6,97,Varies with device,"5,000+",False,0.0,Everyone,Communication,2017-08-31,Varies with device,Varies with device
10457,WiFi Monitor Pro - analyzer of Wi-Fi networks,TOOLS,4.6,85,2.4M,"1,000+",False,3.0,Everyone,Tools,2018-07-05,1.9,4.0 and up
10458,Candy simply-Fi,LIFESTYLE,2.1,2390,35M,"100,000+",False,0.0,Everyone,Lifestyle,2018-07-17,1.8.4.7,4.4 and up
10459,SCI-FI UI,FAMILY,4.7,15,3.9M,100+,False,2.0,Everyone,Entertainment,2018-04-16,0.0.53,1.6 and up
10460,Wi-Fi Rabbit Unlock Key,TOOLS,4.5,142,26k,"5,000+",False,1.0,Everyone,Tools,2011-06-26,1.0.0,2.1 and up
10461,Wi-Fi settings shortcut,TOOLS,4.1,479,29k,"50,000+",False,0.0,Everyone,Tools,2013-12-13,1.4,1.6 and up
10462,Wi-Fi Master,TOOLS,4.5,3673,5.8M,"500,000+",False,0.0,Everyone,Tools,2018-07-24,1.2.1,4.1 and up
10463,Micro Fi,FAMILY,3.7,39,2.8M,"5,000+",False,0.0,Everyone,Education,2014-02-12,2.4,2.3.3 and up
10464,fi,FAMILY,2.9,691,5.8M,"100,000+",False,0.0,Everyone,Strategy,2016-06-08,1.0.3,4.0 and up
10465,Portable Wi-Fi hotspot Free,COMMUNICATION,4.0,1711,2.1M,"100,000+",False,0.0,Everyone,Communication,2018-01-11,1.2.5.4-11,2.3 and up
10466,Wi-Fi Networks,PRODUCTIVITY,4.2,115,1.4M,"10,000+",False,0.0,Everyone,Productivity,2015-10-05,1.4,4.1 and up
10467,FI CFL,FINANCE,3.7,112,3.9M,"10,000+",False,0.0,Everyone,Finance,2018-07-05,1.1.1,5.0 and up
10468,Tassa.fi Finland,LIFESTYLE,3.6,346,7.5M,"50,000+",False,0.0,Everyone,Lifestyle,2018-05-22,5.5,4.0 and up
10469,TownWiFi | Wi-Fi Everywhere,COMMUNICATION,3.9,2372,58M,"500,000+",False,0.0,Everyone,Communication,2018-08-02,4.2.1,4.2 and up
10470,Jazz Wi-Fi,COMMUNICATION,3.4,49,4.0M,"10,000+",False,0.0,Everyone,Communication,2017-02-10,0.1,2.3 and up
10471,Xposed Wi-Fi-Pwd,PERSONALIZATION,3.5,1042,404k,"100,000+",False,0.0,Everyone,Personalization,2014-08-05,3.0.0,4.0.3 and up
10473,osmino Wi-Fi: free WiFi,TOOLS,4.2,134203,4.1M,"10,000,000+",False,0.0,Everyone,Tools,2018-08-07,6.06.14,4.4 and up
10474,Sat-Fi Voice,COMMUNICATION,3.4,37,14M,"1,000+",False,0.0,Everyone,Communication,2014-11-21,2.2.1.5,2.2 and up
10475,Wi-Fi Visualizer,TOOLS,3.9,132,2.6M,"50,000+",False,0.0,Everyone,Tools,2017-05-17,0.0.9,2.3 and up
10476,Lennox iComfort Wi-Fi,LIFESTYLE,3.0,552,7.6M,"50,000+",False,0.0,Everyone,Lifestyle,2017-03-22,2.0.15,2.3.3 and up
10477,Sci-Fi Sounds and Ringtones,PERSONALIZATION,3.6,128,11M,"10,000+",False,0.0,Everyone,Personalization,2017-09-27,4.0,4.0 and up
10478,Sci Fi Sounds,FAMILY,3.2,4,8.0M,"1,000+",False,0.0,Everyone,Entertainment,2017-11-02,1.0,4.0 and up
10479,Free Wi-fi HotspoT,COMMUNICATION,4.1,382,2.3M,"50,000+",False,0.0,Everyone,Communication,2018-07-20,2.5,4.0 and up
10480,FJ 4x4 Cruiser Offroad Driving,FAMILY,4.1,3543,49M,"500,000+",False,0.0,Everyone,Simulation,2017-01-04,1.1,2.3 and up
10481,FJ 4x4 Cruiser Snow Driving,FAMILY,4.2,1619,43M,"500,000+",False,0.0,Everyone,Simulation,2018-06-04,1.3,4.0 and up
10482,Wallpapers Toyota FJ Cruiser,PERSONALIZATION,4.2,78,10M,"10,000+",False,0.0,Everyone,Personalization,2016-06-20,1.0,2.3.3 and up
10483,New Wallpapers Toyota FJ Cruiser Theme,PERSONALIZATION,,1,16M,100+,False,0.0,Teen,Personalization,2018-02-23,1.0,4.1 and up
10484,"FJ Final Join , Circles Game",GAME,4.7,32,24M,"1,000+",False,0.0,Teen,Arcade,2018-07-11,0.24,4.3 and up
10485,HD Wallpaper - Toyota FJ Cruiser,TOOLS,,2,6.2M,100+,False,0.0,Everyone,Tools,2017-11-10,1.0,4.0 and up
10486,FJ Drive: Mercedes-Benz Lease,AUTO_AND_VEHICLES,4.6,107,27M,"10,000+",False,0.0,Everyone,Auto & Vehicles,2017-11-06,2.0.0,4.1 and up
10487,Driving n Parking School 2017,FAMILY,4.5,15,46M,"1,000+",False,0.0,Everyone,Simulation,2017-05-31,1.0,2.3 and up
10488,FJ WiFi HDD,TOOLS,,40,2.4M,"5,000+",False,0.0,Everyone,Tools,2017-10-31,1.0.5,2.1 and up
10489,Offroad Cruiser,FAMILY,4.3,42432,36M,"1,000,000+",False,0.0,Everyone,Simulation,2016-07-13,1.3,2.3.3 and up
10490,HD Themes Toyota Cruiser 70,PERSONALIZATION,4.5,86,17M,"10,000+",False,0.0,Teen,Personalization,2016-10-02,1.0,2.3.3 and up
10491,Toyota Cruisers & Trucks Mag,TRAVEL_AND_LOCAL,4.5,10,8.0M,500+,False,0.0,Everyone,Travel & Local,2018-03-14,3.0.0,4.4 and up
10492,4 x4 Offroad SUV 3D Truck Simulator Driving 2017,FAMILY,4.4,32,37M,"1,000+",False,0.0,Everyone,Simulation,2017-12-06,1.0,2.3 and up
10493,Cake Shop - Kids Cooking,FAMILY,4.3,30668,33M,"5,000,000+",False,0.0,Everyone,Casual;Pretend Play,2018-07-16,2.1.3181,4.0.3 and up
10494,HD Themes Toyota Cruiser 60,PERSONALIZATION,,0,15M,100+,False,0.0,Teen,Personalization,2016-10-02,1.0,2.3.3 and up
10495,HD Themes Toyota Cruiser70,PERSONALIZATION,,0,15M,100+,False,0.0,Teen,Personalization,2016-10-03,1.0,2.3.3 and up
10496,HD Themes Toyota Cruiser 80,PERSONALIZATION,,2,13M,100+,False,0.0,Teen,Personalization,2016-10-03,1.0,2.3.3 and up
10497,HD Themes Toyota Cruiser 50,PERSONALIZATION,,1,11M,50+,False,0.0,Teen,Personalization,2016-10-02,1.0,2.3.3 and up
10498,OFF-ROAD SIMULATOR 4x4 : REAL,FAMILY,4.2,109,25M,"10,000+",False,0.0,Everyone,Simulation,2017-04-15,1.4,2.3 and up
10499,HD Themes Toyota Cruiser 100VX,PERSONALIZATION,,2,16M,100+,False,0.0,Teen,Personalization,2016-09-30,1.0,2.3.3 and up
10500,HD Themes Toyota Cruiser 200,PERSONALIZATION,3.7,3,15M,100+,False,0.0,Teen,Personalization,2016-10-01,1.0,2.3.3 and up
10501,HD Themes Toyota Cruiser 40,PERSONALIZATION,,2,15M,100+,False,0.0,Teen,Personalization,2016-10-02,1.0,2.3.3 and up
10502,Fun Kid Racing - Motocross,FAMILY,4.1,59768,Varies with device,"10,000,000+",False,0.0,Everyone,Racing;Action & Adventure,2018-08-07,3.53,4.2 and up
10503,Offroad 4x4 Car Driving,FAMILY,4.3,26224,43M,"1,000,000+",False,0.0,Everyone,Simulation,2017-04-29,1.0.4,2.3 and up
10504,Motocross Beach Jumping 3D,FAMILY,4.0,105954,43M,"10,000,000+",False,0.0,Teen,Simulation,2018-06-05,1.7.3,4.1 and up
10505,Offroad drive : 4x4 driving game,GAME,3.5,2071,36M,"100,000+",False,0.0,Everyone,Racing,2018-06-29,1.0.3,4.1 and up
10506,Hair saloon - Spa salon,FAMILY,4.2,38473,23M,"10,000,000+",False,0.0,Everyone,Casual;Pretend Play,2018-04-11,1.0.5,4.1 and up
10507,Rope Hero: Vice Town,GAME,4.4,452589,99M,"10,000,000+",False,0.0,Mature 17+,Action,2018-07-01,2.2,4.0 and up
10508,Drive 4x4 Luxury SUV Jeep,GAME,4.2,2183,46M,"500,000+",False,0.0,Everyone,Racing,2018-07-10,1.12,2.3 and up
10509,PIP Selfie Camera Photo Editor,PHOTOGRAPHY,4.4,156322,Varies with device,"10,000,000+",False,0.0,Everyone,Photography,2018-02-01,Varies with device,Varies with device
10510,FJ-link,TOOLS,,1,20M,10+,False,0.0,Everyone,Tools,2018-01-03,1.1.2,4.1 and up
10511,Motocross Mayhem,GAME,3.8,35171,45M,"1,000,000+",False,0.0,Everyone,Racing,2014-02-11,1.2,2.3 and up
10512,Funny Jokes,FAMILY,3.9,2505,2.9M,"100,000+",False,0.0,Mature 17+,Entertainment,2018-06-18,1.2,4.1 and up
10513,Flight Simulator: Fly Plane 3D,FAMILY,4.0,660613,21M,"50,000,000+",False,0.0,Everyone,Simulation,2017-03-01,1.32,2.3 and up
10514,Motocross Fun Simulator,FAMILY,3.8,22570,35M,"1,000,000+",False,0.0,Everyone,Simulation,2017-01-09,1.2,2.3.3 and up
10515,Dino Defends king 3 – Dinosaur T rex Hunter Games,GAME,3.6,182,41M,"50,000+",False,0.0,Teen,Adventure,2018-03-01,2.1,4.1 and up
10516,Fast Notes FJ,PRODUCTIVITY,4.2,12,2.2M,500+,False,0.0,Everyone,Productivity,2014-08-12,8.0.0,2.2 and up
10517,FJ Toolkit,TOOLS,,1,2.5M,100+,False,1.5,Everyone,Tools,2015-12-21,14,4.0 and up
10518,Block Gun 3D: Haunted Hollow,GAME,3.8,16282,35M,"1,000,000+",False,0.0,Teen,Action,2017-10-09,1.1.4,2.3 and up
10519,Art of F J Taylor,VIDEO_PLAYERS,,2,1.5M,10+,False,0.0,Everyone,Video Players & Editors,2015-06-23,1.0.2,4.3 and up
10520,Driving Suv Toyota Car Simulator,FAMILY,3.7,187,54M,"10,000+",False,0.0,Everyone,Simulation,2017-11-12,1,4.0 and up
10521,Navy Gunner Shoot War 3D,GAME,4.0,103199,44M,"10,000,000+",False,0.0,Teen,Action,2018-08-02,1.0.7.8,4.2 and up
10522,Drift Legends,GAME,4.2,33788,27M,"1,000,000+",False,0.0,Everyone,Racing,2018-03-29,1.8.5,4.1 and up
10523,FK,MEDICAL,4.4,1517,8.5M,"100,000+",False,0.0,Everyone,Medical,2018-07-13,2.5.9,2.3 and up
10524,FK (FlightKid),GAME,,2,22M,10+,False,0.0,Everyone,Action,2016-03-03,1.0,4.0 and up
10525,FK Sūduva Marijampolė,SPORTS,,2,26M,10+,False,0.0,Everyone,Sports,2018-02-21,1.0,4.1 and up
10526,Fairy Kingdom: World of Magic and Farming,FAMILY,4.4,129542,63M,"1,000,000+",False,0.0,Everyone,Strategy;Creativity,2018-07-23,2.4.9,4.0.3 and up
10527,FK Željezničar,SPORTS,4.9,1420,20M,"10,000+",False,0.0,Everyone,Sports,2018-07-12,2.5.0,4.2 and up
10528,FK Oleksandria,SPORTS,,0,26M,10+,False,0.0,Everyone,Sports,2018-02-14,1.0,4.1 and up
10529,FK CLASSIC FOR YOU,BUSINESS,5.0,1,3.5M,10+,False,0.0,Everyone,Business,2018-02-20,1.1.0,4.0 and up
10530,FK Sileks,SPORTS,,0,26M,1+,False,0.0,Everyone,Sports,2018-03-18,1.0,4.1 and up
10531,Kernel Manager for Franco Kernel ✨,TOOLS,4.8,12700,10M,"100,000+",False,3.5,Everyone,Tools,2018-08-03,3.2.5,5.0 and up
10532,Qarabağ FK,SPORTS,,9,5.5M,100+,False,0.0,Everyone,Sports,2018-08-01,1.14,4.2 and up
10533,FK Sloboda Tuzla,SPORTS,,0,26M,10+,False,0.0,Everyone,Sports,2018-02-20,1.0,4.1 and up
10534,FK Jelgava,SPORTS,,0,26M,5+,False,0.0,Everyone,Sports,2018-02-22,1.0,4.1 and up
10535,FK Vojvodina,SPORTS,,5,26M,50+,False,0.0,Everyone,Sports,2018-02-19,1.0,4.1 and up
10536,FK Liepaja,SPORTS,,4,26M,100+,False,0.0,Everyone,Sports,2018-03-17,1.0,4.1 and up
10537,FK Teplice,SPORTS,,2,26M,50+,False,0.0,Everyone,Sports,2018-03-01,1.0,4.1 and up
10538,FK Sarajevo,SPORTS,,6,26M,100+,False,0.0,Everyone,Sports,2018-03-02,1.0,4.1 and up
10539,FK Vardar,SPORTS,,2,26M,10+,False,0.0,Everyone,Sports,2018-02-20,1.0,4.1 and up
10540,Ray Financial Calculator Pro,FINANCE,4.0,67,2.4M,"10,000+",False,3.0,Everyone,Finance,2017-07-03,4,3.2 and up
10541,FK Bregalnica Štip,SPORTS,,0,26M,1+,False,0.0,Everyone,Sports,2018-02-24,1.0,4.1 and up
10542,FK Mladost Lucani,SPORTS,,0,26M,5+,False,0.0,Everyone,Sports,2018-02-19,1.0,4.1 and up
10543,FK Radnicki Nis,SPORTS,,1,26M,50+,False,0.0,Everyone,Sports,2018-02-19,1.0,4.1 and up
10544,FK Dukla Prague,SPORTS,,0,26M,10+,False,0.0,Everyone,Sports,2018-02-28,1.0,4.1 and up
10545,FK Rad,SPORTS,,1,26M,10+,False,0.0,Everyone,Sports,2018-02-19,1.0,4.1 and up
10546,FK Jablonec,SPORTS,,2,26M,50+,False,0.0,Everyone,Sports,2018-02-27,1.0,4.1 and up
10547,FK Senica,SPORTS,,0,13M,10+,False,0.0,Everyone,Sports,2017-08-24,14,4.1 and up
10548,FK Vozdovac,SPORTS,,1,26M,10+,False,0.0,Everyone,Sports,2018-02-19,1.0,4.1 and up
10549,Toy Truck Rally 3D,GAME,4.0,301895,25M,"50,000,000+",False,0.0,Everyone,Racing,2018-05-23,1.4.4,4.1 and up
10550,FK Mladá Boleslav,SPORTS,,0,26M,10+,False,0.0,Everyone,Sports,2018-03-18,2.0,4.1 and up
10551,FK Macva Sabac,SPORTS,,3,26M,10+,False,0.0,Everyone,Sports,2018-02-19,1.0,4.1 and up
10552,FK Crvena zvezda,SPORTS,4.9,1211,15M,"10,000+",False,0.0,Everyone,Sports,2018-01-22,1.0.1,4.4 and up
10553,FK Events,PRODUCTIVITY,,0,18M,5+,False,0.0,Teen,Productivity,2018-06-27,7.17.2.1,5.0 and up
10554,PRO MX MOTOCROSS 2,GAME,3.8,25275,21M,"5,000,000+",False,0.0,Everyone,Racing,2017-08-11,1.10,2.3 and up
10555,FK Jonava,SPORTS,,1,26M,5+,False,0.0,Everyone,Sports,2018-02-21,1.0,4.1 and up
10556,FK Željezničar Izzy,FAMILY,4.9,119,17M,"1,000+",False,0.0,Everyone,Entertainment,2016-11-18,1.0,4.4 and up
10557,FK Čukarički,SPORTS,,0,26M,10+,False,0.0,Everyone,Sports,2018-02-19,1.0,4.1 and up
10558,Austria Wien FK - Fussball - Inoffizielle App,SPORTS,,2,12M,100+,False,0.0,Everyone,Sports,2018-07-27,1.0.4,4.1 and up
10559,FK Železiarne Podbrezová,SPORTS,,0,26M,5+,False,0.0,Everyone,Sports,2018-04-23,1.0,4.1 and up
10560,FK Viktoria Žižkov,SPORTS,,0,26M,10+,False,0.0,Everyone,Sports,2018-02-27,1.0,4.1 and up
10561,FK Zemun,SPORTS,,3,26M,10+,False,0.0,Everyone,Sports,2018-02-19,1.0,4.1 and up
10562,FK Atlantas,SPORTS,1.5,2,26M,5+,False,0.0,Everyone,Sports,2018-02-21,1.0,4.1 and up
10563,FK Spartak Subotica,SPORTS,,0,26M,10+,False,0.0,Everyone,Sports,2018-02-19,1.0,4.1 and up
10564,FK Dedinje BGD,SPORTS,5.0,36,2.6M,100+,False,0.0,Everyone,Sports,2017-02-11,1.1,4.0 and up
10565,FK Fotbal Třinec,SPORTS,,0,27M,10+,False,0.0,Everyone,Sports,2018-03-18,1.0,4.1 and up
10566,FK Crvena Zvezda Izzy,TOOLS,4.8,1456,15M,"50,000+",False,0.0,Everyone,Tools,2016-11-14,1.2,4.4 and up
10567,FK Utenis Utena,SPORTS,,0,26M,5+,False,0.0,Everyone,Sports,2018-02-21,1.0,4.1 and up
10568,Crazy Freekick,SPORTS,3.9,47688,17M,"5,000,000+",False,0.0,Everyone,Sports,2016-05-18,1.0.15,2.3 and up
10569,FL State Parks Guide,TRAVEL_AND_LOCAL,3.7,871,45M,"100,000+",False,0.0,Everyone,Travel & Local,2017-10-27,5.29.23 Domain 253,4.4 and up
10570,FL SW Fishing Regulations,SPORTS,4.6,60,24M,"1,000+",False,2.0,Everyone,Sports,2014-03-07,1.03,2.2 and up
10571,Permit Test FL Florida DHSMV,FAMILY,4.7,246,11M,"10,000+",False,0.0,Everyone,Education,2017-10-12,2.9.0,4.1 and up
10572,FL Lottery Results,FAMILY,4.6,1481,3.1M,"50,000+",False,0.0,Teen,Entertainment,2018-03-31,3.7,4.1 and up
10573,Florida DMV Permit Test -Fl,FAMILY,4.3,87,30M,"10,000+",False,0.0,Everyone,Education,2018-02-15,6.0.3,4.4 and up
10574,Lottery Results: Florida,FAMILY,4.2,582,3.2M,"100,000+",False,0.0,Teen,Entertainment,2018-01-22,4.0,4.0 and up
10575,Scratch-Off Guide for FL Lotto,FAMILY,4.6,25,5.6M,"5,000+",False,0.0,Everyone,Entertainment,2018-07-04,1.11,4.0.3 and up
10576,"Charlotte County, FL",PRODUCTIVITY,4.7,10,7.1M,"1,000+",False,0.0,Everyone,Productivity,2017-02-23,3.9.4,4.0.3 and up
10577,Results for FL Lottery,NEWS_AND_MAGAZINES,4.6,146,7.1M,"10,000+",False,0.0,Everyone,News & Magazines,2017-02-28,3.0,4.1 and up
10578,Check Lottery Tickets - Florida,FAMILY,2.0,27,31M,"5,000+",False,0.0,Teen,Entertainment,2017-10-17,2.1,4.0.3 and up
10579,Fish|Hunt FL,LIFESTYLE,3.6,853,34M,"100,000+",False,0.0,Everyone,Lifestyle,2018-03-22,3.2.0,4.1 and up
10580,Florida 511,TOOLS,3.2,148,9.2M,"50,000+",False,0.0,Everyone,Tools,2017-08-14,1.0.18,4.0.3 and up
10581,Florida Storms,WEATHER,3.8,116,36M,"10,000+",False,0.0,Everyone,Weather,2017-12-26,2.0.11,4.4 and up
10582,FL Racing Manager 2018 Lite,SPORTS,4.0,1338,15M,"100,000+",False,0.0,Everyone,Sports,2018-03-17,1.18,3.0 and up
10583,Florida Tides & Weather,WEATHER,3.8,30,2.0M,"1,000+",False,7.0,Everyone,Weather,2015-05-06,2.0.0,2.3 and up
10584,FL Tax-Verify,BUSINESS,3.8,17,6.1M,"5,000+",False,0.0,Everyone,Business,2016-11-09,1.1.3,4.0 and up
10585,FL House,PRODUCTIVITY,4.4,29,Varies with device,"1,000+",False,0.0,Everyone,Productivity,2016-11-22,1.6.7,Varies with device
10586,FL Racing Manager 2015 Pro,SPORTS,4.4,656,22M,"5,000+",False,1.0,Everyone,Sports,2016-03-12,0.858,3.0 and up
10587,Lottery Driver- Florida Result,FAMILY,4.4,70,4.4M,"5,000+",False,0.0,Teen,Entertainment,2017-04-16,2.5,4.1 and up
10588,Florida Travel Guide,TRAVEL_AND_LOCAL,3.8,11,86M,"1,000+",False,0.0,Everyone,Travel & Local,2018-07-11,6.8.2,4.1 and up
10589,The Florida Trail Guide,TRAVEL_AND_LOCAL,4.3,100,13M,"5,000+",False,0.0,Everyone,Travel & Local,2017-04-01,6.0.18,4.1 and up
10590,Florida - Pocket Brainbook,BOOKS_AND_REFERENCE,4.6,7,12M,"1,000+",False,0.0,Everyone,Books & Reference,2018-03-19,1.0.9,4.4 and up
10591,Lottery Ticket Checker - Florida Results & Lotto,TOOLS,1.0,3,41M,500+,False,0.0,Everyone,Tools,2017-12-12,1.0,4.2 and up
10592,Florida Statutes (FL Code),BOOKS_AND_REFERENCE,3.2,5,8.2M,"1,000+",False,0.0,Everyone,Books & Reference,2017-10-21,1.5,4.4 and up
10593,Discovery Church Florida,LIFESTYLE,4.7,40,8.0M,"1,000+",False,0.0,Teen,Lifestyle,2018-06-25,3.8.0,4.1 and up
10594,FL Racing Manager 2018 Pro,SPORTS,4.3,340,15M,"5,000+",False,2.0,Everyone,Sports,2018-03-17,1.18,3.0 and up
10595,Florida Driver License Test,FAMILY,4.5,65,470k,"5,000+",False,0.0,Everyone,Education,2016-01-30,2.0,2.1 and up
10596,Free Florida DMV Test 2018,FAMILY,4.1,665,5.3M,"50,000+",False,0.0,Everyone,Education,2018-05-24,8.1,4.0.3 and up
10597,Canvas FL,FAMILY,4.9,36,9.4M,"1,000+",False,0.0,Teen,Education,2018-06-25,3.8.0,4.1 and up
10598,Florida Lottery Results,NEWS_AND_MAGAZINES,4.1,763,2.2M,"100,000+",False,0.0,Everyone,News & Magazines,2015-12-18,2.0,2.3.3 and up
10599,Florida Cooling Supply HVAC,PRODUCTIVITY,4.2,6,43M,500+,False,0.0,Everyone,Productivity,2018-07-27,8.1.10.41,4.4 and up
10600,Restaurant Inspections - FL,HEALTH_AND_FITNESS,3.5,143,226k,"10,000+",False,0.0,Everyone,Health & Fitness,2013-06-12,1.1,2.2 and up
10601,Florida Keys,TRAVEL_AND_LOCAL,4.2,92,20M,"10,000+",False,0.0,Everyone,Travel & Local,2017-04-06,4.1,4.0.3 and up
10602,South Florida AA Meetings,LIFESTYLE,5.0,10,21M,"1,000+",False,0.0,Everyone,Lifestyle,2018-05-24,2.18,4.1 and up
10603,Florida Travel Guide - TOURIAS,TRAVEL_AND_LOCAL,3.8,80,37M,"10,000+",False,0.0,Everyone,Travel & Local,2018-07-30,3.21,4.0 and up
10604,Florida State Gameday,SPORTS,4.7,1566,26M,"50,000+",False,0.0,Everyone,Sports,2018-07-13,9.19.2,4.1 and up
10605,FL Bankers,EVENTS,,0,3.4M,10+,False,0.0,Everyone,Events,2018-06-05,1.0.1,4.2 and up
10606,Fort Myers FL,PRODUCTIVITY,,0,22M,100+,False,0.0,Everyone,Productivity,2015-09-17,2.4.0,4.1 and up
10607,"News-Journal-Daytona Beach, FL",NEWS_AND_MAGAZINES,4.5,76,7.8M,"5,000+",False,0.0,Everyone,News & Magazines,2018-07-03,5.0,4.4 and up
10608,Florida map,TRAVEL_AND_LOCAL,,11,3.4M,"5,000+",False,0.0,Everyone,Travel & Local,2016-05-15,0.0.7,4.0 and up
10609,"Trinity Church Deltona, FL",LIFESTYLE,5.0,33,28M,500+,False,0.0,Everyone,Lifestyle,2018-05-07,1.9.0.0,2.3.3 and up
10610,FL Drone 2,PHOTOGRAPHY,3.3,41,7.8M,"5,000+",False,0.0,Everyone,Photography,2017-08-17,1.0.7,2.2 and up
10611,"Beacon Baptist Jupiter, FL",LIFESTYLE,5.0,14,2.6M,100+,False,0.0,Everyone,Lifestyle,2017-10-13,2.4,4.0.3 and up
10612,"Clearwater, FL - weather and more",WEATHER,,0,3.9M,10+,False,0.0,Everyone,Weather,2018-04-12,1.0,5.0 and up
10613,University of Florida,FAMILY,4.0,168,7.6M,"10,000+",False,0.0,Everyone,Education,2017-10-02,2.0,4.1 and up
10614,"Ocala Star Banner, FL",NEWS_AND_MAGAZINES,4.5,75,8.1M,"5,000+",False,0.0,Everyone,News & Magazines,2018-07-25,5.1,4.4 and up
10615,Alachua County Sheriff FL,LIFESTYLE,3.2,5,9.5M,100+,False,0.0,Everyone,Lifestyle,2015-05-13,1.0,4.0 and up
10616,Lotto Results - Mega Millions Powerball Lottery US,NEWS_AND_MAGAZINES,4.5,14221,1.8M,"1,000,000+",False,0.0,Teen,News & Magazines,2015-12-11,2.0.3,2.3.3 and up
10617,Jax Sheriff (FL),LIFESTYLE,4.2,53,16M,"5,000+",False,0.0,Everyone,Lifestyle,2018-06-25,2.0.1,4.1 and up
10618,Results for FL Lottery (Florida),FAMILY,,1,3.2M,100+,False,0.0,Mature 17+,Entertainment,2017-11-02,2.27,4.0.3 and up
10619,Hidden Object Florida Vacation Adventure Fun Game,FAMILY,3.7,126,45M,"10,000+",False,0.0,Everyone,Casual,2018-06-18,1.4,4.0.3 and up
10620,WFLA News Channel 8 - Tampa FL,NEWS_AND_MAGAZINES,3.8,133,14M,"10,000+",False,0.0,Everyone,News & Magazines,2018-07-18,v4.30.0.8,5.0 and up
10621,Florida Beach Wallpapers HD,TRAVEL_AND_LOCAL,5.0,3,12M,100+,False,0.0,Everyone,Travel & Local,2015-12-30,1.8.1,4.1 and up
10622,MY GULFPORT FL,PRODUCTIVITY,,0,49M,50+,False,0.0,Everyone,Productivity,2018-05-18,17.4,4.1 and up
10623,My MLS App,LIFESTYLE,4.1,1213,13M,"100,000+",False,0.0,Everyone,Lifestyle,2018-06-04,2.8.4,4.0.3 and up
10624,Employ Florida Mobile,BUSINESS,2.9,97,9.9M,"10,000+",False,0.0,Everyone,Business,2018-06-13,4.5.9,4.0.3 and up
10625,"St. Petersburg, FL - weather and more",WEATHER,,0,3.9M,10+,False,0.0,Everyone,Weather,2018-04-13,1.0,5.0 and up
10626,LifePoint Church - FL,LIFESTYLE,,1,7.6M,50+,False,0.0,Everyone,Lifestyle,2015-12-09,1.1,4.0.3 and up
10627,WSVN • South Florida's Source for Weather,WEATHER,,7,28M,"1,000+",False,0.0,Everyone,Weather,2018-06-21,4.6.1404,4.4 and up
10628,PriorityONE Credit Union of Fl,FINANCE,4.7,178,12M,"1,000+",False,0.0,Everyone,Finance,2018-06-12,5.9.1.0,5.0 and up
10629,Florida Wildflowers,FAMILY,5.0,5,69M,"1,000+",False,0.0,Everyone,Education,2017-07-10,1.5,4.1 and up
10630,Florida Blue,HEALTH_AND_FITNESS,3.2,499,34M,"100,000+",False,0.0,Everyone,Health & Fitness,2018-07-10,4.2.1,7.0 and up
10631,ORLANDO FLORIDA MAP,TRAVEL_AND_LOCAL,,3,9.2M,"1,000+",False,0.0,Everyone,Travel & Local,2017-01-24,1.3.0,4.0 and up
10632,Florida Tech Mobile,FAMILY,3.8,87,5.4M,"5,000+",False,0.0,Everyone,Education,2016-09-13,5.2,4.1 and up
10633,Florida Offline Road Map,TRAVEL_AND_LOCAL,3.8,144,8.7M,"10,000+",False,0.0,Everyone,Travel & Local,2014-10-02,5.0,2.3.3 and up
10634,Florida Map offline,TRAVEL_AND_LOCAL,4.6,8,18M,"1,000+",False,0.0,Everyone,Travel & Local,2018-06-22,1.73,4.3 and up
10635,"The Ledger - Lakeland, Florida",NEWS_AND_MAGAZINES,4.6,89,5.7M,"5,000+",False,0.0,Everyone,News & Magazines,2018-02-17,5.0,4.4 and up
10636,FRONTLINE COMMANDO,GAME,4.4,1351833,12M,"10,000,000+",False,0.0,Teen,Action,2013-10-28,3.0.3,2.1 and up
10637,Gainesville Florida Police Department,LIFESTYLE,4.8,4,15M,500+,False,0.0,Everyone,Lifestyle,2017-11-22,1.1,4.1 and up
10638,Gainesville Bus Tracker,MAPS_AND_NAVIGATION,4.2,63,1.6M,"10,000+",False,0.0,Everyone,Maps & Navigation,2015-08-25,1.0.6,4.0 and up
10639,Florida Today,NEWS_AND_MAGAZINES,3.3,202,38M,"10,000+",False,0.0,Everyone 10+,News & Magazines,2018-06-20,5.9.5,5.0 and up
10640,Florida HSMV Driver License,FAMILY,3.9,14,11M,"1,000+",False,0.0,Everyone,Education,2015-01-13,1.3,4.0 and up
10641,WSVN - 7 News Miami,NEWS_AND_MAGAZINES,4.5,3320,14M,"100,000+",False,0.0,Everyone,News & Magazines,2018-08-03,v4.30.0.9,5.0 and up
10642,WICShopper,SHOPPING,3.9,3023,Varies with device,"500,000+",False,0.0,Everyone,Shopping,2018-07-26,Varies with device,Varies with device
10643,First Federal Bank of Florida,FINANCE,4.3,133,30M,"10,000+",False,0.0,Everyone,Finance,2018-05-23,18.1.79,5.0 and up
10644,South Florida MLS,LIFESTYLE,4.4,133,13M,"10,000+",False,0.0,Everyone,Lifestyle,2018-06-02,2.8.4,4.0.3 and up
10645,Football Manager Mobile 2018,SPORTS,3.9,11460,Varies with device,"100,000+",False,9.0,Everyone,Sports,2018-06-27,Varies with device,4.1 and up
10646,Podcast App: Free & Offline Podcasts by Player FM,NEWS_AND_MAGAZINES,4.6,66407,19M,"1,000,000+",False,0.0,Teen,News & Magazines,2018-07-25,4.1.0.72,4.0 and up
10647,Motorola FM Radio,VIDEO_PLAYERS,3.9,54815,Varies with device,"100,000,000+",False,0.0,Everyone,Video Players & Editors,2018-05-02,Varies with device,Varies with device
10648,FN Cam,PHOTOGRAPHY,3.4,181,10M,"10,000+",False,0.0,Everyone,Photography,2016-01-13,1.1.5,4.0.3 and up
10649,How it Works: FN SCAR assault rifle,FAMILY,4.6,44,45M,"10,000+",False,0.0,Everyone,Casual,2018-01-09,2.1.9f7,4.0.3 and up
10650,FN pistol Model 1906 explained,BOOKS_AND_REFERENCE,,1,5.3M,10+,False,5.5,Everyone,Books & Reference,2017-03-09,Android 3.0 - 2017,1.6 and up
10651,FN pistol model 1903 explained,BOOKS_AND_REFERENCE,,1,19M,10+,False,6.5,Everyone,Books & Reference,2015-09-05,Android 3.0 - 2015,1.6 and up
10652,FutureNet your social app,SOCIAL,4.2,2093,7.0M,"100,000+",False,0.0,Teen,Social,2018-03-08,3.36,4.2 and up
10653,Jigsaw Puzzles FN FAL Light Automatic Rifle,FAMILY,,0,5.6M,50+,False,0.0,Teen,Puzzle,2018-05-07,1.0,4.0.3 and up
10654,Wallpapers FN Herstal FNP 9,PERSONALIZATION,,0,11M,1+,False,0.0,Teen,Personalization,2018-04-12,1.0,4.1 and up
10655,Ninja FN Button,FAMILY,4.8,12,12M,"1,000+",False,0.0,Teen,Entertainment,2018-07-04,1.1,4.0 and up
10656,Wallpapers FN SCAR H,PERSONALIZATION,5.0,4,9.2M,100+,False,0.0,Teen,Personalization,2018-04-12,1.0,4.1 and up
10657,Wallpapers FN F2000,PERSONALIZATION,,0,11M,5+,False,0.0,Teen,Personalization,2018-04-16,1.0,4.1 and up
10658,Wallpapers FN Five seven,PERSONALIZATION,,0,13M,10+,False,0.0,Teen,Personalization,2018-04-18,1.0,4.1 and up
10659,FN,BUSINESS,5.0,14,3.3M,50+,False,0.0,Everyone,Business,2018-02-01,1.0,4.0 and up
10660,Wallpapers FN FAL Light Automatic Rifle,PERSONALIZATION,,0,14M,10+,False,0.0,Teen,Personalization,2018-04-17,1.0,4.1 and up
10661,"The FN ""Baby"" pistol explained",BOOKS_AND_REFERENCE,,1,8.8M,10+,False,6.0,Everyone,Books & Reference,2015-09-06,Android 3.0 - 2015,1.6 and up
10662,FN FAL rifle explained,BOOKS_AND_REFERENCE,,1,7.3M,10+,False,6.5,Everyone,Books & Reference,2015-09-06,Android 3.0 - 2015,1.6 and up
10663,F N Bail Bonds,LIFESTYLE,3.8,4,14M,500+,False,0.0,Everyone,Lifestyle,2017-01-06,1.4,4.0.3 and up
10664,The FN HP pistol explained,BOOKS_AND_REFERENCE,,1,8.5M,10+,False,6.5,Everyone,Books & Reference,2015-09-06,Android 3.0 - 2015,1.6 and up
10665,SB · FN 1870 Mobile Banking,FINANCE,2.9,139,3.3M,"10,000+",False,0.0,Everyone,Finance,2017-06-19,3.0.5,4.0 and up
10666,PIP-Camera FN Photo Effect,PHOTOGRAPHY,4.6,8,9.0M,"1,000+",False,0.0,Everyone,Photography,2016-12-04,1.0,2.3 and up
10667,Bullet - FN Theme,PERSONALIZATION,3.8,143,240k,"5,000+",False,0.0,Everyone,Personalization,2013-07-31,1.0,2.2 and up
10668,FN model 1900 pistol explained,BOOKS_AND_REFERENCE,,0,8.2M,10+,False,6.5,Everyone,Books & Reference,2015-09-05,Android 3.0 - 2015,1.6 and up
10669,Pistolet FN GP35 expliqué,BOOKS_AND_REFERENCE,,2,7.9M,5+,False,6.0,Everyone,Books & Reference,2014-08-19,Android 2.0 - 2014,1.6 and up
10670,FN Web Radio,COMMUNICATION,,0,1.6M,10+,False,0.0,Everyone,Communication,2018-05-18,1.1,2.3 and up
10671,Gun Builder ELITE,GAME,4.1,88941,34M,"1,000,000+",False,0.0,Teen,Action,2016-07-26,3.1.7,4.0 and up
10672,FNH Payment Info,COMMUNICATION,,0,2.1M,10+,False,0.0,Everyone,Communication,2018-03-17,1.3,4.0.3 and up
10673,Magnum 3.0 Gun Custom SImulator,GAME,4.5,16815,59M,"1,000,000+",False,0.0,Teen,Action,2018-08-04,1.0404,4.0.3 and up
10674,Pistolet FN 1906 expliqué,BOOKS_AND_REFERENCE,,0,5.2M,10+,False,5.5,Everyone,Books & Reference,2014-08-17,Android 2.0 - 2014,1.6 and up
10675,Circle Colors Pack-FN Theme,PERSONALIZATION,4.2,6,89k,50+,False,1.0,Everyone,Personalization,2013-08-09,1.0,2.2 and up
10676,Calculator Fn,TOOLS,,9,3.6M,500+,False,0.0,Everyone,Tools,2015-11-12,1.4,4.0 and up
10677,Pint - FN Theme,PERSONALIZATION,2.5,6,234k,100+,False,0.0,Everyone,Personalization,2013-08-10,1.0,2.2 and up
10678,HAL-9000 - FN Theme,PERSONALIZATION,3.5,159,257k,"10,000+",False,0.0,Everyone,Personalization,2013-08-16,1.0,2.2 and up
10679,Solitaire+,GAME,4.6,11235,Varies with device,"100,000+",False,3.0,Everyone,Card,2018-07-30,Varies with device,Varies with device
10680,Fresh News,NEWS_AND_MAGAZINES,4.4,2207,9.8M,"100,000+",False,0.0,Everyone,News & Magazines,2018-07-26,41.0,4.1 and up
10681,Future Cloud,PRODUCTIVITY,4.6,1075,Varies with device,"100,000+",False,0.0,Everyone,Productivity,2018-01-22,Varies with device,4.4 and up
10682,Fruit Ninja Classic,GAME,4.3,85468,36M,"1,000,000+",False,1.0,Everyone,Arcade,2018-06-08,2.4.1.485300,4.0.3 and up
10683,Hunting Safari 3D,SPORTS,4.2,36183,20M,"5,000,000+",False,0.0,Teen,Sports,2018-01-20,1.4,2.1 and up
10684,Gun Club Armory,GAME,4.2,55014,28M,"1,000,000+",False,0.0,Teen,Action,2017-12-04,1.2.6,4.1 and up
10685,Ethical Hacking,FAMILY,4.1,128,3.2M,"10,000+",False,0.0,Everyone,Education,2018-07-09,1.3,4.0.3 and up
10686,Armed Cam Gun Pack,GAME,4.2,1012,50M,"10,000+",False,0.0,Teen,Action,2015-01-18,1.0.2,3.0 and up
10687,Zombie Defense,FAMILY,4.3,275048,41M,"10,000,000+",False,0.0,Teen,Strategy,2018-06-22,12.2,2.3 and up
10688,Fo File Manager,TOOLS,4.5,1916,364k,"100,000+",False,0.0,Everyone,Tools,2015-12-31,1.8.8,2.1 and up
10689,Alarm.fo – choose your info,SOCIAL,4.4,19,3.1M,"1,000+",False,0.0,Everyone,Social,2018-05-29,1.4.8,4.1 and up
10690,FO Bixby,PERSONALIZATION,5.0,5,861k,100+,False,1.0,Everyone,Personalization,2018-04-25,0.2,7.0 and up
10691,Pin-fo,FAMILY,4.6,19,1.6M,500+,False,0.0,Everyone,Entertainment,2016-08-15,3rd Release Aug 2016,2.2 and up
10692,MARKET FO,COMMUNICATION,,0,15M,100+,False,0.0,Everyone,Communication,2017-11-30,1.0,4.1 and up
10693,FO OP St-Nazaire,COMMUNICATION,,1,17M,100+,False,0.0,Everyone,Communication,2017-12-19,1.0,4.1 and up
10694,FO SODEXO,COMMUNICATION,,0,16M,100+,False,0.0,Everyone,Communication,2018-03-13,1.0,4.1 and up
10695,FO RCBT,COMMUNICATION,,5,15M,100+,False,0.0,Everyone,Communication,2017-11-15,1.0,4.1 and up
10696,FO Interim,COMMUNICATION,,1,11M,100+,False,0.0,Everyone,Communication,2017-03-14,1.0,4.1 and up
10697,Mu.F.O.,GAME,5.0,2,16M,1+,False,1.0,Everyone,Arcade,2017-03-03,1.0,2.3 and up
10698,FO PSA Sept-Fons,COMMUNICATION,,2,15M,100+,False,0.0,Everyone,Communication,2018-03-22,1.0,4.1 and up
10699,FO BOULANGER,FINANCE,,10,19M,50+,False,0.0,Everyone,Finance,2018-05-15,1.0,4.4 and up
10700,FO AIRBUS TLSE,COMMUNICATION,,4,16M,"1,000+",False,0.0,Everyone,Communication,2018-01-25,1.1,4.1 and up
10701,F-O-Meter,FAMILY,,0,2.8M,1+,False,0.0,Mature 17+,Entertainment,2018-08-02,1.0.1,4.0 and up
10702,Theme fo Oppo A30 Wallpaper & Icon,BUSINESS,,7,1.3M,500+,False,0.0,Everyone,Business,2017-08-18,1.0.0,2.3.3 and up
10703,Fo Fo Fish,GAME,3.4,5,21M,50+,False,0.0,Everyone,Arcade,2015-08-25,1.0,2.3 and up
10704,FO STELIA Méaulte,COMMUNICATION,,2,18M,100+,False,0.0,Everyone,Communication,2017-12-19,1.1,4.1 and up
10705,RRIMS FO,BUSINESS,,2,5.2M,100+,False,0.0,Everyone,Business,2018-07-27,4.2,5.0 and up
10706,Neon Blue Gaming Wallpaper&Theme fo Lenovo K8 Note,BUSINESS,4.6,7,2.0M,500+,False,0.0,Everyone,Business,2017-08-24,1.0.0,2.3.3 and up
10707,Photo Editor Collage Maker Pro,PHOTOGRAPHY,4.5,1519671,Varies with device,"100,000,000+",False,0.0,Everyone,Photography,2018-02-01,Varies with device,Varies with device
10708,Custos F.O.,BUSINESS,,0,9.7M,1+,False,0.0,Everyone,Business,2018-06-20,4.1.0,4.1 and up
10709,FO AIRBUS Nantes,COMMUNICATION,,0,17M,100+,False,0.0,Everyone,Communication,2017-12-14,1.0,4.1 and up
10710,Stylish Fonts,PERSONALIZATION,3.8,153176,4.3M,"10,000,000+",False,0.0,Everyone,Personalization,2018-08-07,1.17,4.0.3 and up
10711,4x4 Jeep Racer,GAME,4.1,7279,54M,"1,000,000+",False,0.0,Everyone,Racing,2018-03-09,1.5,4.0 and up
10712,Lalafo Pulsuz Elanlar,SHOPPING,4.4,61392,Varies with device,"1,000,000+",False,0.0,Everyone,Shopping,2018-08-08,Varies with device,Varies with device
10713,My Earthquake Alerts - US & Worldwide Earthquakes,WEATHER,4.4,3471,Varies with device,"100,000+",False,0.0,Everyone,Weather,2018-07-24,Varies with device,Varies with device
10714,FunForMobile Ringtones & Chat,SOCIAL,4.4,68358,7.2M,"5,000,000+",False,0.0,Mature 17+,Social,2016-05-07,3.22,4.1 and up
10715,FarmersOnly Dating,DATING,3.0,1145,1.4M,"100,000+",False,0.0,Mature 17+,Dating,2016-02-25,2.2,4.0 and up
10716,Free Slideshow Maker & Video Editor,PHOTOGRAPHY,4.2,162564,11M,"10,000,000+",False,0.0,Everyone,Photography,2018-08-05,5.2,4.0 and up
10717,Frontline Terrorist Battle Shoot: Free FPS Shooter,GAME,4.2,9183,49M,"1,000,000+",False,0.0,Mature 17+,Action,2018-06-22,1.1,4.4 and up
10718,BankNordik,FINANCE,3.9,28,15M,"5,000+",False,0.0,Everyone,Finance,2018-08-08,7.3.2,5.0 and up
10719,Sona - Nær við allastaðni,LIFESTYLE,4.2,31,25M,"1,000+",False,0.0,Everyone,Lifestyle,2018-08-02,1.6.3,4.4 and up
10720,Firefox Focus: The privacy browser,COMMUNICATION,4.4,36981,4.0M,"1,000,000+",False,0.0,Everyone,Communication,2018-07-06,5.2,5.0 and up
10721,Mad Dash Fo' Cash,GAME,5.0,14,16M,100+,False,0.0,Everyone,Arcade,2017-06-19,2.5a,4.1 and up
10722,Launcher Theme for LG K10 2018,PERSONALIZATION,4.0,649,11M,"100,000+",False,0.0,Everyone,Personalization,2017-03-30,1.0,2.3.3 and up
10723,Mobile Kick,SPORTS,4.3,111809,40M,"10,000,000+",False,0.0,Everyone,Sports,2018-02-07,1.0.21,4.1 and up
10724,English To Shona Dictionary,BOOKS_AND_REFERENCE,4.6,60,3.7M,"10,000+",False,0.0,Everyone,Books & Reference,2016-07-10,1.4,3.0 and up
10725,Posta App,MAPS_AND_NAVIGATION,3.6,8,Varies with device,"1,000+",False,0.0,Everyone,Maps & Navigation,2017-09-27,Varies with device,4.4 and up
10726,Thumbnail Maker,PHOTOGRAPHY,4.4,26252,24M,"1,000,000+",False,0.0,Everyone,Photography,2018-05-26,1.7,4.2 and up
10727,Fon WiFi App – WiFi Connect,TOOLS,4.1,222,16M,"50,000+",False,0.0,Everyone,Tools,2018-07-26,2.2.4,4.4 and up
10728,MOD-MASTER for Minecraft PE (Pocket Edition) Free,TOOLS,4.2,271908,8.1M,"10,000,000+",False,0.0,Everyone,Tools,2018-08-02,3.3.0,4.0 and up
10729,MX Player Codec (ARMv7),LIBRARIES_AND_DEMO,4.3,332083,6.3M,"10,000,000+",False,0.0,Everyone,Libraries & Demo,2018-04-23,1.9.19,4.0 and up
10730,FP Notebook,MEDICAL,4.5,410,60M,"50,000+",False,0.0,Everyone,Medical,2018-03-24,2.1.0.372,4.4 and up
10731,FeaturePoints: Free Gift Cards,FAMILY,3.9,121321,46M,"5,000,000+",False,0.0,Everyone,Entertainment,2016-10-22,8.7,4.0.3 and up
10732,Draw with FP sDraw,TOOLS,4.3,3268,467k,"100,000+",False,0.0,Everyone,Tools,2017-12-16,6.6,2.0 and up
10733,FP Click sound changer,PERSONALIZATION,3.5,178,1.4M,"10,000+",False,0.0,Everyone,Personalization,2015-12-26,1.0,1.6 and up
10734,FP Connect,COMMUNICATION,,0,22M,100+,False,0.0,Teen,Communication,2017-12-15,3.15.1,4.1 and up
10735,FP VoiceBot,FAMILY,,17,157k,100+,False,1.0,Mature 17+,Entertainment,2015-11-25,1.2,2.1 and up
10736,FP-safe,BUSINESS,,0,2.6M,100+,False,0.0,Everyone,Business,2018-05-08,1.0,4.0.3 and up
10737,FP Legacy,MAPS_AND_NAVIGATION,4.0,3,44M,"1,000+",False,0.0,Everyone,Maps & Navigation,2018-07-02,3.4.0,4.0 and up
10738,Race Manager FP,GAME,3.8,196,11M,"5,000+",False,0.0,Everyone,Racing,2014-11-03,2.1,2.2 and up
10739,FreedomPop Messaging Phone/SIM,COMMUNICATION,3.6,9894,39M,"500,000+",False,0.0,Everyone,Communication,2018-07-26,23.01.1265.0712,4.1 and up
10740,PhotoFunia,PHOTOGRAPHY,4.3,316378,4.4M,"10,000,000+",False,0.0,Everyone,Photography,2017-06-03,4.0.7.0,2.3 and up
10741,Fingerprint Quick Action,TOOLS,4.2,8484,1.7M,"1,000,000+",False,0.0,Everyone,Tools,2018-07-22,0.15.2,6.0 and up
10742,GKPB FP Online Church,LIFESTYLE,5.0,32,7.9M,"1,000+",False,0.0,Everyone,Lifestyle,2017-12-31,0.7.1,4.4 and up
10743,FP BW LCD View,FAMILY,3.4,16,1.2M,500+,False,0.0,Everyone,Entertainment,2016-03-31,1.0,4.0.3 and up
10744,FP Markets,FINANCE,,1,2.0M,100+,False,0.0,Everyone,Finance,2018-01-30,1.0.0.0,4.3 and up
10745,FP Boss,FINANCE,,1,5.8M,1+,False,0.0,Everyone,Finance,2018-07-27,1.0.2,5.0 and up
10746,FP Opgaver,TOOLS,,9,61M,"1,000+",False,0.0,Everyone,Tools,2018-05-31,1.9,4.0.3 and up
10747,FP Charging Daydream,PERSONALIZATION,3.5,96,3.8M,"5,000+",False,0.0,Everyone,Personalization,2015-11-23,2.0,4.2 and up
10748,FP Live,COMMUNICATION,,0,3.3M,10+,False,0.0,Teen,Communication,2017-11-03,1.2.4,4.2 and up
10749,FP Runner,GAME,3.7,38,29M,"1,000+",False,0.0,Everyone,Arcade,2016-06-29,1.12,3.1 and up
10750,Finger Scanner Gestures,TOOLS,4.2,2531,3.3M,"100,000+",False,0.0,Everyone,Tools,2017-07-30,1.2.4,6.0 and up
10751,FP Market,FAMILY,,24,44k,"1,000+",False,0.0,Everyone,Education,2012-06-17,1.0,1.6 and up
10752,FP FCU,FINANCE,3.6,48,26M,"5,000+",False,0.0,Everyone,Finance,2018-04-05,4.6.71,4.0.3 and up
10753,Slickdeals: Coupons & Shopping,SHOPPING,4.5,33599,12M,"1,000,000+",False,0.0,Everyone,Shopping,2018-07-30,3.9,4.4 and up
10754,SCM FPS Status,BUSINESS,4.2,123,3.3M,"10,000+",False,0.0,Everyone,Business,2018-04-28,3.5,2.3 and up
10755,Hondata Mobile,MAPS_AND_NAVIGATION,4.3,334,676k,"10,000+",False,0.0,Everyone,Maps & Navigation,2016-08-23,1.3,2.3.3 and up
10756,FreedomPop Friends for Free Data,TOOLS,4.4,58,2.5M,"5,000+",False,0.0,Everyone,Tools,2018-07-24,2017.07.24,4.1 and up
10757,Fisher-Price® Smart Connect™,TOOLS,2.7,422,72M,"50,000+",False,0.0,Everyone,Tools,2018-02-23,2.4.1,4.4 and up
10758,Fingerprint Lock Screen Prank,TOOLS,4.1,10786,4.3M,"1,000,000+",False,0.0,Everyone,Tools,2017-12-09,5.0,4.0 and up
10759,FP NFC Rewrite,TOOLS,,17,67k,"1,000+",False,0.0,Everyone,Tools,2016-01-29,1.1,4.0 and up
10760,Fast Tract Diet,HEALTH_AND_FITNESS,4.4,35,2.4M,"1,000+",False,8.0,Everyone,Health & Fitness,2018-08-08,1.9.3,4.2 and up
10761,Greek Bible FP (Audio),BOOKS_AND_REFERENCE,,5,8.0M,"1,000+",False,0.0,Everyone,Books & Reference,2016-08-29,1.0.0,4.0.3 and up
10762,The FP Shield,NEWS_AND_MAGAZINES,,0,11M,10+,False,0.0,Everyone,News & Magazines,2018-02-01,1.1.0,4.4 and up
10763,FP Разбитый дисплей,FAMILY,4.5,922,552k,"50,000+",False,0.0,Everyone,Entertainment,2014-09-20,1.1,1.6 and up
10764,FP Transportation,AUTO_AND_VEHICLES,,1,885k,1+,False,0.0,Everyone,Auto & Vehicles,2018-03-09,10.0.0,4.0 and up
10765,Chat For Strangers - Video Chat,SOCIAL,3.4,622,Varies with device,"100,000+",False,0.0,Mature 17+,Social,2018-05-23,Varies with device,Varies with device
10766,FreedomPop Diagnostics,TOOLS,2.9,452,7.0M,"100,000+",False,0.0,Everyone,Tools,2017-07-17,1.03.123.0713,4.0.3 and up
10767,NFP 2018,EVENTS,4.8,8,16M,500+,False,0.0,Everyone,Events,2018-01-09,1.0.3,4.2 and up
10768,AAFP,MEDICAL,3.8,63,24M,"10,000+",False,0.0,Everyone,Medical,2018-06-22,2.3.1,5.0 and up
10769,FQ Magazine,LIFESTYLE,,1,12M,100+,False,0.0,Everyone,Lifestyle,2016-12-12,1.0,4.1 and up
10770,Modern Counter Terrorist FPS Shoot,GAME,4.0,795,41M,"100,000+",False,0.0,Teen,Action,2017-08-29,1.2,2.3 and up
10771,FQ METER,PRODUCTIVITY,3.9,17,2.4M,"1,000+",False,0.0,Everyone,Productivity,2017-04-23,1.1,4.0 and up
10772,FQ Load Board for Transporters,BUSINESS,,0,3.9M,100+,False,0.0,Everyone,Business,2018-02-16,1.1.3,5.0 and up
10773,FQ India,LIFESTYLE,,0,8.9M,10+,False,0.0,Everyone,Lifestyle,2018-07-31,7.2.2,4.1 and up
10774,Miss FQ,NEWS_AND_MAGAZINES,,0,36M,10+,False,0.0,Everyone,News & Magazines,2018-04-05,3.8,4.4 and up
10775,FQ - Football Quiz,SPORTS,,1,9.0M,1+,False,0.0,Everyone,Sports,2018-05-29,1.0,5.0 and up
10776,Monster Ride Pro,GAME,5.0,1,24M,10+,False,0.0,Everyone,Racing,2018-03-05,2.0,2.3 and up
10777,BEBONCOOL GAMEPAD V1.0,GAME,3.9,404,2.2M,"100,000+",False,0.0,Everyone,Arcade,2017-08-30,1.2,4.0 and up
10778,Union League,FAMILY,4.0,939,38M,"10,000+",False,0.0,Everyone,Role Playing,2018-06-08,1.0.0.96,4.1 and up
10779,Fortune Quest: Savior,FAMILY,3.6,135,75M,"10,000+",False,0.0,Everyone 10+,Role Playing,2018-06-01,1.022,4.4 and up
10780,Modern Counter 3: FPS Multiplayers battlegro 3,FAMILY,4.1,17,50M,"1,000+",False,0.0,Everyone,Strategy,2018-03-16,15,4.1 and up
10781,Modern Strike Online,GAME,4.3,834117,44M,"10,000,000+",False,0.0,Teen,Action,2018-07-30,1.25.4,4.1 and up
10782,Trine 2: Complete Story,GAME,3.8,252,11M,"10,000+",False,17.0,Teen,Action,2015-02-27,2.22,5.0 and up
10783,Modern Counter Terror Attack – Shooting Game,GAME,4.2,340,72M,"50,000+",False,0.0,Mature 17+,Action,2017-10-27,1.0,4.1 and up
10784,Big Hunter,GAME,4.3,245455,84M,"10,000,000+",False,0.0,Everyone 10+,Action,2018-05-31,2.8.6,4.0 and up
10785,"sugar, sugar",FAMILY,4.2,1405,9.5M,"10,000+",False,1.2,Everyone,Puzzle,2018-06-05,2.7,2.3 and up
10786,ChopAssistant,TOOLS,4.2,455,2.8M,"50,000+",False,0.0,Everyone,Tools,2017-02-28,1.6,6.0 and up
10787,Modern Counter Global Strike 3D,GAME,4.1,297,48M,"50,000+",False,0.0,Teen,Action,2018-03-28,1.2,4.1 and up
10788,Fountain Live Wallpaper HD – Dubai Wallpaper 3D,PERSONALIZATION,,1,20M,500+,False,0.0,Everyone,Personalization,2018-04-13,1.0,4.1 and up
10789,Modern Counter Global Strike 3D V2,GAME,4.0,368,48M,"50,000+",False,0.0,Everyone 10+,Action,2018-03-28,1.7,4.1 and up
10790,HipChat - beta version,COMMUNICATION,4.1,1035,20M,"50,000+",False,0.0,Everyone,Communication,2018-08-07,3.20.001,4.1 and up
10791,Winter Wonderland,GAME,4.0,1287,38M,"50,000+",False,0.0,Everyone,Word,2013-12-18,1.0,2.2 and up
10792,Soccer Clubs Logo Quiz,GAME,4.2,21661,16M,"1,000,000+",False,0.0,Everyone,Trivia,2018-05-24,1.3.81,4.0 and up
10793,Sid Story,GAME,4.4,28510,78M,"500,000+",False,0.0,Teen,Card,2018-08-01,2.6.6,4.0.3 and up
10794,PopStar,FAMILY,,13,5.7M,"1,000+",False,0.0,Everyone,Casual,2018-01-03,1.6,4.3 and up
10795,Reindeer VPN - Proxy VPN,TOOLS,4.2,7339,4.0M,"100,000+",False,0.0,Everyone,Tools,2018-05-10,1.74,4.1 and up
10796,Inf VPN - Global Proxy & Unlimited Free WIFI VPN,TOOLS,4.7,61445,7.8M,"1,000,000+",False,0.0,Everyone,Tools,2018-07-26,1.9.734,4.1 and up
10797,Fuel Rewards® program,LIFESTYLE,4.6,32433,46M,"1,000,000+",False,0.0,Everyone,Lifestyle,2018-06-26,2.9.1,5.0 and up
10798,Word Search Tab 1 FR,FAMILY,,0,1020k,50+,False,1.0,Everyone,Puzzle,2012-02-06,1.1,3.0 and up
10799,Fr Daoud Lamei,SOCIAL,4.7,2036,6.8M,"100,000+",False,0.0,Everyone,Social,2018-05-20,1.72,4.0.3 and up
10800,FR Roster,TOOLS,4.1,174,12M,"5,000+",False,0.0,Everyone,Tools,2018-07-30,6.04,4.4 and up
10801,Fr Ignacio Outreach,FAMILY,4.9,52,19M,"1,000+",False,0.0,Everyone,Education,2018-01-19,1.0,4.4 and up
10802,FR: My Famous Lover,FAMILY,4.0,185,28M,"10,000+",False,0.0,Teen,Entertainment,2015-08-06,1.3.0,3.0 and up
10803,Fatal Raid - No.1 Mobile FPS,GAME,4.3,56496,81M,"1,000,000+",False,0.0,Teen,Action,2018-08-07,1.5.447,4.0 and up
10804,Poker Pro.Fr,GAME,4.2,5442,17M,"100,000+",False,0.0,Teen,Card,2018-05-22,4.1.3,2.3 and up
10805,Scoreboard FR,LIFESTYLE,4.3,3,15M,100+,False,0.0,Everyone,Lifestyle,2018-08-07,2.1,4.2 and up
10806,SnakeBite911 FR,MEDICAL,,1,42M,500+,False,0.0,Everyone,Medical,2017-10-09,1.2,4.1 and up
10807,My FR App,TOOLS,,2,4.2M,100+,False,0.0,Everyone,Tools,2018-04-09,1.283.0037,2.3.3 and up
10808,lesparticuliers.fr,LIFESTYLE,,96,1.0M,"50,000+",False,0.0,Everyone,Lifestyle,2014-11-25,1.5,2.3 and up
10809,Castle Clash: RPG War and Strategy FR,FAMILY,4.7,376223,24M,"1,000,000+",False,0.0,Everyone,Strategy,2018-07-18,1.4.2,4.1 and up
10810,Fr Lupupa Sermons,BUSINESS,4.8,19,21M,100+,False,0.0,Everyone,Business,2018-06-12,1.0,4.4 and up
10811,FR Plus 1.6,AUTO_AND_VEHICLES,,4,3.9M,100+,False,0.0,Everyone,Auto & Vehicles,2018-07-24,1.3.6,4.4W and up
10812,Fr Agnel Pune,FAMILY,4.1,80,13M,"1,000+",False,0.0,Everyone,Education,2018-06-13,2.0.20,4.0.3 and up
10813,DICT.fr Mobile,BUSINESS,,20,2.7M,"10,000+",False,0.0,Everyone,Business,2018-07-17,2.1.10,4.1 and up
10814,FR: My Secret Pets! ,FAMILY,4.0,785,31M,"50,000+",False,0.0,Teen,Entertainment,2015-06-03,1.3.1,3.0 and up
10815,Golden Dictionary (FR-AR),BOOKS_AND_REFERENCE,4.2,5775,4.9M,"500,000+",False,0.0,Everyone,Books & Reference,2018-07-19,7.0.4.6,4.2 and up
10816,FieldBi FR Offline,BUSINESS,,2,6.8M,100+,False,0.0,Everyone,Business,2018-08-06,2.1.8,4.1 and up
10817,HTC Sense Input - FR,TOOLS,4.0,885,8.0M,"100,000+",False,0.0,Everyone,Tools,2015-10-30,1.0.612928,5.0 and up
10818,Gold Quote - Gold.fr,FINANCE,,96,1.5M,"10,000+",False,0.0,Everyone,Finance,2016-05-19,2.3,2.2 and up
10819,Fanfic-FR,BOOKS_AND_REFERENCE,3.3,52,3.6M,"5,000+",False,0.0,Teen,Books & Reference,2017-08-05,0.3.4,4.1 and up
10820,Fr. Daoud Lamei,FAMILY,5.0,22,8.6M,"1,000+",False,0.0,Teen,Education,2018-06-27,3.8.0,4.1 and up
10821,Poop FR,FAMILY,,6,2.5M,50+,False,0.0,Everyone,Entertainment,2018-05-29,1.0,4.0.3 and up
10822,PLMGSS FR,PRODUCTIVITY,,0,3.1M,10+,False,0.0,Everyone,Productivity,2017-12-01,1,4.4 and up
10823,List iptv FR,VIDEO_PLAYERS,,1,2.9M,100+,False,0.0,Everyone,Video Players & Editors,2018-04-22,1.0,4.0.3 and up
10824,Cardio-FR,MEDICAL,,67,82M,"10,000+",False,0.0,Everyone,Medical,2018-07-31,2.2.2,4.4 and up
10825,Naruto & Boruto FR,SOCIAL,,7,7.7M,100+,False,0.0,Teen,Social,2018-02-02,1.0,4.0 and up
10826,Frim: get new friends on local chat rooms,SOCIAL,4.0,88486,Varies with device,"5,000,000+",False,0.0,Mature 17+,Social,2018-03-23,Varies with device,Varies with device
10827,Fr Agnel Ambarnath,FAMILY,4.2,117,13M,"5,000+",False,0.0,Everyone,Education,2018-06-13,2.0.20,4.0.3 and up
10828,Manga-FR - Anime Vostfr,COMICS,3.4,291,13M,"10,000+",False,0.0,Everyone,Comics,2017-05-15,2.0.1,4.0 and up
10829,Bulgarian French Dictionary Fr,BOOKS_AND_REFERENCE,4.6,603,7.4M,"10,000+",False,0.0,Everyone,Books & Reference,2016-06-19,2.96,4.1 and up
10830,News Minecraft.fr,NEWS_AND_MAGAZINES,3.8,881,2.3M,"100,000+",False,0.0,Everyone,News & Magazines,2014-01-20,1.5,1.6 and up
10831,payermonstationnement.fr,MAPS_AND_NAVIGATION,,38,9.8M,"5,000+",False,0.0,Everyone,Maps & Navigation,2018-06-13,2.0.148.0,4.0 and up
10832,FR Tides,WEATHER,3.8,1195,582k,"100,000+",False,0.0,Everyone,Weather,2014-02-16,6.0,2.1 and up
10833,Chemin (fr),BOOKS_AND_REFERENCE,4.8,44,619k,"1,000+",False,0.0,Everyone,Books & Reference,2014-03-23,0.8,2.2 and up
10834,FR Calculator,FAMILY,4.0,7,2.6M,500+,False,0.0,Everyone,Education,2017-06-18,1.0.0,4.1 and up
10835,FR Forms,BUSINESS,,0,9.6M,10+,False,0.0,Everyone,Business,2016-09-29,1.1.5,4.0 and up
10836,Sya9a Maroc - FR,FAMILY,4.5,38,53M,"5,000+",False,0.0,Everyone,Education,2017-07-25,1.48,4.1 and up
10837,Fr. Mike Schmitz Audio Teachings,FAMILY,5.0,4,3.6M,100+,False,0.0,Everyone,Education,2018-07-06,1.0,4.1 and up
10838,Parkinson Exercices FR,MEDICAL,,3,9.5M,"1,000+",False,0.0,Everyone,Medical,2017-01-20,1.0,2.2 and up
10839,The SCP Foundation DB fr nn5n,BOOKS_AND_REFERENCE,4.5,114,Varies with device,"1,000+",False,0.0,Mature 17+,Books & Reference,2015-01-19,Varies with device,Varies with device
10840,iHoroscope - 2018 Daily Horoscope & Astrology,LIFESTYLE,4.5,398307,19M,"10,000,000+",False,0.0,Everyone,Lifestyle,2018-07-25,Varies with device,Varies with device
